timestamp,acc_x,acc_y,acc_z,gyr_x,gyr_y,gyr_z,activity
1761225031345334000,-0.0375364887851756,-0.0630424393683671,0.0158913966149091,0.1418958008289337,0.1385295987129211,0.1592928022146225,standing
1761225031355348200,-0.2243293451938778,0.0399397962003946,0.0356488210082054,0.1661417186260223,0.1692436188459396,0.1378269791603088,standing
1761225031365363200,-0.2882478550107218,0.1241875206828117,-0.0393500136137008,0.1974578350782394,0.1915984600782394,0.1156985163688659,standing
1761225031375377200,-0.1821715076178312,0.0296565948560833,-0.0742050538957119,0.2238541394472122,0.1912504583597183,0.0994439572095871,standing
1761225031385391400,-0.0719761257998645,0.0679708356812596,-0.0049409635335206,0.2077513486146927,0.133958414196968,0.1159049570560455,standing
1761225031395406300,0.0262546043928712,0.227775028668344,0.0574462267965078,0.1835361421108245,0.0311315394937992,0.1360082775354385,standing
1761225031405420000,0.0055422173622995,0.2157230640858411,0.1098000988900661,0.1649715155363083,-0.0368416532874107,0.1568682938814163,standing
1761225031415435000,-0.0440481083020567,0.1800873948201537,0.0608002133995294,0.146949902176857,-0.0549935027956962,0.1786321401596069,standing
1761225031425449200,-0.0645437838420271,0.1217766601487994,0.0080500354647636,0.1476455181837082,-0.0435773283243179,0.202593132853508,standing
1761225031435463200,-0.0939380379674956,0.1444599088609218,-0.0039969606816768,0.1670965999364853,-0.0032249935902655,0.218650534749031,standing
1761225031445478100,-0.1597786566870287,0.1816986294090747,-0.0530915387183427,0.2339746952056884,0.1003895476460456,0.2297782897949218,standing
1761225031455492000,-0.1864165247764438,0.0996916695907711,-0.2332557981669902,0.2902904450893402,0.131698191165924,0.2003213018178939,standing
1761225031465506000,-0.1463657516153995,0.153219553899765,0.0774842216968536,0.3692883253097534,0.1843603402376175,0.1905749291181564,standing
1761225031475521000,-0.0122729869220405,0.2552747377514839,0.0385229151397943,0.4140446186065674,0.2276207506656646,0.1758857816457748,standing
1761225031485535200,-0.28057205968583,0.2285308154717087,0.2048293296277523,0.4610283672809601,0.2891698777675628,0.1380023211240768,standing
1761225031495549200,-0.3141539930257946,0.1589770945131778,0.2103513079196214,0.4857712686061859,0.3723366558551788,0.08705685287714,standing
1761225031505564200,-0.0203629890710115,0.2777326532751321,0.3463122685045003,0.4312406480312347,0.3522455096244812,0.0482902824878692,standing
1761225031515578000,-0.0805078986332751,0.3615203590303659,0.6662707830905914,0.3429074883460998,0.2461801320314407,0.0096428226679563,standing
1761225031525592000,0.0968641910798847,0.3944876858696341,0.8116361163586377,0.214539423584938,0.1429890245199203,-0.0235106032341718,standing
1761225031535607000,0.1629927416290156,0.2854313910841942,0.7182271802991628,0.0760170370340347,0.0791766867041587,-0.0319710001349449,standing
1761225031545621200,0.2341189543349668,0.2374295767202973,0.6328887379705905,-0.0709681510925293,0.0201061740517616,-0.0265749022364616,standing
1761225031555635200,0.2088820208183489,0.2306903315931558,0.5876613567560911,-0.2110778987407684,-0.0202904921025037,-0.0108569227159023,standing
1761225031565650200,0.2441915816685184,0.2024599701479077,0.4362947372466325,-0.3108343482017517,-0.0491117574274539,0.0165728367865085,standing
1761225031575664000,0.2674831350047141,0.2153048386737704,0.2409633038043975,-0.3683013021945953,-0.0584323108196258,0.048168309032917,standing
1761225031585679000,0.1992601511932909,0.2272936748921871,-0.0378144746094942,-0.3690578937530517,-0.0602666959166526,0.0700637549161911,standing
1761225031595693000,0.1112883281538262,0.2330968082129955,-0.2787690105855465,-0.3170649409294128,-0.0646719187498092,0.0752983689308166,standing
1761225031605707300,-0.0080500171984545,0.2584796712726354,-0.4574819021821021,-0.2368579804897308,-0.0669145658612251,0.0556226670742034,standing
1761225031615722200,-0.1435871446143835,0.1919923521474003,-0.5539654233813286,-0.1437360048294067,-0.0827249959111213,0.012343306094408,standing
1761225031625736200,-0.2079075680293142,0.1358326580300927,-0.4869932433485984,-0.0460557788610458,-0.0937342420220375,-0.0282563176006078,standing
1761225031635750100,-0.2754830659837461,0.1290598028942942,-0.3698983112752437,0.0394838601350784,-0.0627677589654922,-0.0688532143831253,standing
1761225031645765000,-0.2747353711552918,0.0930634836226701,-0.3191244018495082,0.0970478132367134,-0.0171757712960243,-0.0958331674337387,standing
1761225031655779000,-0.2531860583765432,-0.0080003511041402,-0.1148515370607376,0.1231404840946197,0.0170694794505834,-0.1096369326114654,standing
1761225031665793300,-0.1962694814773276,-0.0086228669166564,0.1122463229984045,0.1019044369459152,0.0209529008716344,-0.1097850054502487,standing
1761225031675808300,-0.1385251850496977,-0.0555251956060528,0.371276029369235,0.0404502116143703,0.008516663685441,-0.105155162513256,standing
1761225031685822200,-0.0696943350056186,-0.1267260992497205,0.4464437908172607,-0.0201838426291942,0.0063930596224963,-0.090288333594799,standing
1761225031695836200,-0.0149378952823579,-0.1906324619710445,0.4117874879777431,-0.0718946754932403,-0.0126089081168174,-0.0700816661119461,standing
1761225031705851000,0.049182292852737,-0.2021633252888917,0.3537619999885559,-0.1035942807793617,-0.0221523456275463,-0.0339681357145309,standing
1761225031715864800,0.1259256147881038,-0.1792284399032592,0.2333884846359491,-0.1117651388049125,-0.023999523371458,0.0046577900648117,standing
1761225031725879000,0.1345573043320327,-0.2368751577079296,0.088091540428996,-0.0995694547891616,-0.0070943087339401,0.0448598079383373,standing
1761225031735894000,0.1401721302728168,-0.213612063281238,-0.0819032071828842,-0.0708786696195602,0.0175937451422214,0.080298013985157,standing
1761225031745907700,0.115274858773034,-0.2530678753569722,-0.1346890409529209,-0.0417340993881225,0.0240657590329647,0.0995326936244964,standing
1761225031755922700,0.0689864972635172,-0.220484579399228,-0.1307692371606826,-0.0189513601362705,0.032369315624237,0.1057672575116157,standing
1761225031765937000,0.0418809385971166,-0.1921227005288004,-0.1718190404295921,-0.0003502459730952,0.0280770976096391,0.0987761914730072,standing
1761225031775950800,0.0126449072406627,-0.2143485608622431,-0.1054541786402463,0.0118761919438838,0.0078464839607477,0.0920592099428176,standing
1761225031785965800,0.0650503451246768,-0.1193207914292812,-0.1038677862316369,0.0254114419221878,0.0014660821761935,0.0930176824331283,standing
1761225031795980000,0.0421637010612525,-0.0782280258014798,-0.1358838036954403,0.0390195064246654,-0.0068763885647058,0.088400162756443,standing
1761225031805993700,0.0316474764123559,-0.0508364532679319,-0.1253834524691104,0.0442209281027317,-0.007495573721826,0.0874315649271011,standing
1761225031816008700,0.030335425699409,0.027020108872652,-0.0648421822667121,0.0344053208827972,-0.0262695178389549,0.0753988996148109,standing
1761225031826023000,-0.0394989753640256,0.0457680639624595,0.0458931516468524,0.0174439139664173,-0.0379815697669982,0.0675207376480102,standing
1761225031836036900,-0.0763832199187018,0.0575219223812222,0.1202560264527797,-0.0104984268546104,-0.047047309577465,0.0580371543765068,standing
1761225031846051800,-0.0902684643429704,0.0696779318600893,0.1437877086877823,-0.0368831604719162,-0.030100816860795,0.0577101185917854,standing
1761225031856066000,-0.098549659948796,0.085131813840568,0.1260042147159576,-0.0519391559064388,-0.0170421972870826,0.061277225613594,standing
1761225031866079700,-0.0972032685748301,0.052175300656259,0.0852811591833829,-0.0519103929400444,-0.0040369173511862,0.0668685287237167,standing
1761225031876094700,-0.0851334030094556,0.0725055565014481,0.0355190571486949,-0.0451858229935169,-0.0031152605079114,0.0744409263134002,standing
1761225031886109000,-0.110020481908787,0.1063376834765076,0.03608779694736,-0.0322670973837375,0.0023364962544292,0.0793438032269477,standing
1761225031896124000,-0.1367487864943221,0.1344981945559382,-0.00794482152462,-0.02103734575212,-0.0042787957936525,0.0692011564970016,standing
1761225031906137900,-0.2052020901965908,0.0851926041170954,0.0316366627573967,-0.0114656779915094,-0.0117103466764092,0.0525809004902839,standing
1761225031916152000,-0.2399128083707764,0.0707514063104987,-0.0008101473391056,0.0126574607565999,-0.011544395238161,0.0251493118703365,standing
1761225031926166800,-0.1955297507596202,0.0562248683080077,-0.0335404505521059,0.0274278856813907,-0.0209887642413377,0.0065617784857749,standing
1761225031936180700,-0.107225371297542,0.0582242254316806,-0.0275046775192022,0.0522446706891059,-0.0175398141145706,-0.0003095448482781,standing
1761225031946195000,-0.1032299449858255,0.0432782929733395,-0.0521598108261823,0.0814062803983688,-0.0389510951936244,-0.0113251777365803,standing
1761225031956210000,-0.1626498282091692,0.039903555843234,0.0604892477542161,0.1043727770447731,-0.0507954284548759,-0.0176378674805164,standing
1761225031966224000,-0.1346199212394654,0.0862818606585264,0.1367874745368957,0.1121444106101989,-0.0572338886559009,-0.0283837206661701,standing
1761225031976237800,-0.2104619286872446,0.009315525355935,0.1810083090573549,0.1217516064643859,-0.0373646989464759,-0.0326401181519031,standing
1761225031986252800,-0.1985394722359255,0.0063677814662456,0.1136275482237339,0.1364072412252426,0.0056437561288475,-0.02326818741858,standing
1761225031996266800,-0.1191445215469226,0.0582084433406591,0.0205792621701955,0.1413145065307617,0.0326550230383873,-0.0021992230322211,standing
1761225032006281000,-0.0503133792418986,0.0794224962830543,0.076097735774517,0.1274921596050262,0.0545651167631149,0.0204869154840707,standing
1761225032016296000,-0.0630325938277877,0.098142102061212,0.1626864704251289,0.0886051505804061,0.0481722801923751,0.0206215027719736,standing
1761225032026310000,-0.1380631204959005,0.070844053030014,0.3125789257287979,0.0317698344588279,0.0157810524106025,0.0070726703852415,standing
1761225032036324900,-0.0997957144871354,0.0703746819525957,0.3195826670110225,-0.01875532977283,-0.0273531954735517,-0.0135837346315383,standing
1761225032046338800,-0.1287047241126187,0.0734881377980113,0.2608539991885423,-0.0519689470529556,-0.0521158017218112,-0.0322516933083534,standing
1761225032056352800,-0.1101626485921442,0.0777852504700422,0.1191150397241115,-0.0669650509953498,-0.0625542178750038,-0.0417183339595794,standing
1761225032066367700,-0.1015306850535795,0.0721770551994442,0.0280810161024332,-0.0563491620123386,-0.0419309623539447,-0.0375744551420211,standing
1761225032076382000,-0.0735249078781344,0.1008531145855784,-0.1197515840619802,-0.0306399352848529,-0.0198135003447532,-0.0271474197506904,standing
1761225032086396000,-0.0413103173686191,0.1030538395002484,-0.1947492496401071,0.0097226677462458,-0.0109816584736108,-0.0149352271109819,standing
1761225032096411000,-0.0165031718377023,0.1227592414453625,-0.19550854357481,0.0492343008518219,-0.0112596303224563,-0.0143098793923854,standing
1761225032106424800,-0.0048550205494277,0.1437953074723482,-0.1877308953106403,0.0881667882204055,-0.0188938491046428,-0.0213930886238813,standing
1761225032116438800,-0.0266826388129033,0.1020405708044767,-0.0813555101722478,0.1060777232050895,-0.0300619322806596,-0.0297523513436317,standing
1761225032126453800,-0.0336028482638299,0.1336129361540079,-0.0084656305283308,0.1065363138914108,-0.0148739255964756,-0.0369942858815193,standing
1761225032136468000,-0.0293030869769863,0.0862906284868717,0.0434586179763078,0.1034929603338241,-0.0186407510191202,-0.044693224132061,standing
1761225032146482000,-0.0564823502004146,0.0689104546189308,0.1505406900793313,0.0886463671922683,-0.0294100418686866,-0.0460072308778762,standing
1761225032156497000,-0.0008451455872505,0.1125344922900199,0.261412217593193,0.0553863793611526,-0.0335009656846523,-0.0516423322260379,standing
1761225032166510800,-0.0100382136072963,0.0754109225541353,0.343463308814168,0.0137601066380739,-0.039576169103384,-0.0626313388347625,standing
1761225032176524800,-0.0634669666570611,0.0286430338993668,0.390323259666562,-0.0267052557319402,-0.0398489125072956,-0.0668080002069473,standing
1761225032186539800,-0.0044391332249157,0.0514849803045392,0.3269938200503587,-0.048583123832941,-0.0204405933618545,-0.0607802048325538,standing
1761225032196554000,0.0092626078586094,0.044428047530353,0.2135451355248689,-0.0565635077655315,0.0105657642707228,-0.0478854477405548,standing
1761225032206569000,0.0668146331171505,0.0655824792400002,0.0925046806961298,-0.0411541908979415,0.0193222369998693,-0.0292656905949115,standing
1761225032216582700,0.0791724487784318,0.0612815671756863,0.020436638829112,-0.0193402301520109,0.0150212422013282,-0.0163703672587871,standing
1761225032226596900,0.0506521462095901,0.0692795801922678,-0.0186380649745464,0.0125977285206317,0.0205294582992792,-0.0070562278851866,standing
1761225032236611800,0.023728720910754,0.1167848432108759,-0.082662501117587,0.0230950322002172,0.0185582600533962,-0.0092865582555532,standing
1761225032246625800,-0.1107419645837508,0.108707335217297,-0.0217705177813768,0.0222771745175123,0.0204602889716625,-0.0322238318622112,standing
1761225032256640000,-0.1100752625696361,0.1309162444159388,-0.006889174991846,0.0143662644550204,0.0005334632005542,-0.0628272518515586,standing
1761225032266655000,-0.1048300553925335,0.123138888412714,0.0282096109181642,0.0053863506764173,-0.0316407196223735,-0.0903526246547699,standing
1761225032276668700,-0.0961331185926683,0.1220803192704916,0.02372282089293,-0.000147103331983,-0.0537130907177925,-0.1056422144174575,standing
1761225032286683000,-0.0197354682898148,0.1423579681456089,0.0275736511021852,-0.0060420101508498,-0.0704236254096031,-0.1072430461645126,standing
1761225032296697900,-0.0294907550361938,0.0646034050747752,0.0348521176725626,-0.0043830489739775,-0.0452278032898902,-0.1043176278471946,standing
1761225032306711800,0.0078130666374228,0.0617617519080638,-0.0266343244254589,-0.0072840303182601,-0.0284767840057611,-0.0872986987233161,standing
1761225032316726000,0.05877263482837,0.1126695168465375,0.0087841949582099,0.0045286258682608,-0.0260183252394199,-0.0670122131705284,standing
1761225032326741000,0.0218877692191861,0.0703328886374831,-0.0542079755276441,0.0271367318928241,-0.0317097678780555,-0.0503006055951118,standing
1761225032336754700,-0.0085386774982325,0.058464171667397,-0.1158300267040729,0.0530722513794899,-0.0355746410787105,-0.0417898073792457,standing
1761225032346770000,-0.0420126752180047,0.033819852015376,-0.1549462315618991,0.0885053500533104,-0.0441995561122894,-0.0476825833320617,standing
1761225032356783900,-0.0606355426234193,0.0209580323547124,-0.1711222903370857,0.1296060532331466,-0.0374338813126087,-0.0608990900218486,standing
1761225032366797800,-0.0987098737454973,-0.0172732063621282,-0.2022182703465223,0.1644947975873947,-0.0274302475154399,-0.0827450007200241,standing
1761225032376813000,-0.1141436810523271,-0.0607604659110307,-0.2012900495857,0.1835316568613052,-0.0235266834497451,-0.1135954558849334,standing
1761225032386827000,-0.1115739584284834,-0.1402270935967564,-0.161641929808259,0.1710214614868164,-0.0872393473982811,-0.1605208814144134,standing
1761225032396840700,-0.0158813684112392,-0.269629426318407,-0.0037064533025026,0.1624959111213684,-0.0935225933790206,-0.1925561130046844,standing
1761225032406856000,0.0999742859244346,-0.3250771727740764,-0.1421586461812257,0.1658445596694946,-0.0609950125217437,-0.1998632848262787,standing
1761225032416870000,0.206536791132763,-0.352538303412497,-0.0587929652303457,0.1843167245388031,-0.0494722165167331,-0.1716198176145553,standing
1761225032426883800,0.3751574008472264,-0.202854814684391,0.0688560940831899,0.1970919072628021,-0.0494740828871727,-0.1248586997389793,standing
1761225032436899000,0.4034393098166212,-0.1057628061980009,0.1029752213060855,0.1976513266563415,-0.044855248183012,-0.0730763599276542,standing
1761225032446912800,0.3761576273983344,-0.0496904981032013,0.203824536499381,0.1892445236444473,-0.0381733775138855,-0.0277794525027275,standing
1761225032456926700,0.3402898664098233,0.0438569696441292,0.1950450177162885,0.1730708628892898,-0.0386074855923652,0.0043113427236676,standing
1761225032466942000,0.179158352075424,0.0526592847809195,0.2375742458879947,0.1605252474546432,-0.0534133315086364,0.0177387353032827,standing
1761225032476956000,0.051175439431332,0.0619967297077178,0.2455997314333915,0.1479997187852859,-0.0605243630707263,0.019047250971198,standing
1761225032486971000,-0.0579924625024199,0.0823708246946334,0.2647866624623537,0.1234978213906288,-0.0540566109120845,0.0048536676913499,standing
1761225032496984800,-0.1168289746135473,0.1436892167493701,0.3415519222348928,0.0817587673664093,-0.0379166156053543,-0.0142100797966122,standing
1761225032506998800,-0.1525875396065414,0.1803667962834239,0.3588426642537117,0.0343795344233512,-0.0148126259446144,-0.0444955453276634,standing
1761225032517013800,-0.2124483897967264,0.1373027305826544,0.3430570661008358,0.0133988391607999,0.0068098716437816,-0.068875715136528,standing
1761225032527028000,-0.1920171212624758,0.1411105984330177,0.2569879714101553,0.0085367057472467,0.0270794555544853,-0.0832940712571144,standing
1761225032537042000,-0.121320440813899,0.1386006614387035,0.1811509323984384,0.0004142075777053,0.0208181999623775,-0.0868567824363708,standing
1761225032547057000,-0.0373959569364786,0.1498836874753236,0.1792886456578969,0.0021985252387821,0.0181009769439697,-0.0879558697342872,standing
1761225032557070800,0.0387172138691879,0.13562310693264,0.0812789378046989,0.0066841491498053,0.0093727242201566,-0.0788488611578941,standing
1761225032567084800,0.0854717133194208,0.1258949091225862,0.0388929174959659,0.0315554067492485,0.0147898606956005,-0.0553387403488159,standing
1761225032577099800,0.1726960424598306,0.1323962538406252,-0.0690706136167049,0.0579603835940361,0.0181979071348905,-0.0307077001780271,standing
1761225032587114000,0.1908880076346918,0.0909425459459424,-0.0416442620307207,0.0864555016160011,0.0251589976251125,-0.0034456723369657,standing
1761225032597128000,0.1976673655765131,0.0794514301165938,0.0090080668419599,0.1003082394599914,0.0325479060411453,0.0235840771347284,standing
1761225032607143000,0.2001448981385677,0.0583195024996995,0.07042261274755,0.1052891463041305,0.0394950285553932,0.0545241497457027,standing
1761225032617156900,0.1897924309503287,0.0442599974870681,0.1549327875584364,0.0899531170725822,0.0298468954861164,0.0718218758702278,standing
1761225032627172000,0.1099469782811589,0.0172331666126847,0.2591770058870315,0.0701724886894226,-0.0006771925836801,0.0717715471982956,standing
1761225032637185800,0.0494961993738077,0.0159945647284388,0.3256044115185737,0.0309472382068634,-0.0304193031042814,0.0593660771846771,standing
1761225032647199700,-0.0726726018977351,-0.0131856447875499,0.3400514545440674,-0.0098140407353639,-0.0527155548334121,0.0399023666977882,standing
1761225032657215000,-0.1271677420699969,-0.0001560673445463,0.3191062816709279,-0.0393365137279033,-0.060255229473114,0.027565537020564,standing
1761225032667229000,-0.0924838205711916,0.0777542708098888,0.2750830155491828,-0.0627590119838714,-0.0421230942010879,0.0050197476521134,standing
1761225032677243000,-0.2553345964462496,-0.0130573422327637,0.1445750596731901,-0.071378506720066,-0.0217401143163442,-0.0180560182780027,standing
1761225032687257900,-0.2452317383712157,0.0299082315295934,0.0587695843547582,-0.0629815608263015,-0.0159607883542776,-0.0271342024207115,standing
1761225032697271800,-0.1442162728307768,0.1263990592524409,-0.0203986449062824,-0.0378280989825725,-0.0287159439176321,-0.0336916930973529,standing
1761225032707286500,-0.1530460239637643,0.1027507649004459,-0.1108826334297656,-0.0100473333150148,-0.0363863781094551,-0.0413602665066719,standing
1761225032717301500,-0.1502028181607834,0.0908914002805948,-0.1275853464275598,0.0151597913354635,-0.0383315905928611,-0.0379096418619155,standing
1761225032727315700,-0.0945740708487108,0.1189297462850809,-0.0364098685085773,0.0180613063275814,-0.0372050702571868,-0.0315611995756626,standing
1761225032737329400,-0.1239864634190685,0.1000190018489956,0.0361117623448371,0.0197678990662097,-0.0180005244910717,-0.0251672510057687,standing
1761225032747344400,-0.1115337177496403,0.072854516069591,0.006702712509036,0.0127794966101646,-0.0031161154620349,-0.0220154002308845,standing
1761225032757358600,-0.0692871607105247,0.0727227063834667,0.0495920061647892,0.0048479293473064,-0.0262987669557333,-0.0107572227716445,standing
1761225032767373600,-0.0540798008370213,0.0595978518724441,0.114423667037487,0.0043901321478188,-0.0368041396141052,0.0016179534140974,standing
1761225032777387500,-0.0276044846318662,0.0560977347970008,0.0216062671303749,0.0057442635297775,-0.0329145267605781,0.0151399243623018,standing
1761225032787401700,-0.0440149549511261,0.0276420401632785,-0.0227449157714843,0.0075043467804789,-0.0321312919259071,0.0226431153714656,standing
1761225032797416700,-0.1063650007416959,-0.0037543840974569,0.0119832832604646,0.0182527396827936,-0.0338878147304058,0.0257859546691179,standing
1761225032807430400,-0.1183512340110726,0.063497781920433,0.0206610952347517,0.0190948322415351,-0.0292882695794105,0.0246884655207395,standing
1761225032817444600,-0.1432767726241145,0.0486351438313722,-0.034288054049015,0.0202356986701488,-0.0264903046190738,0.0139725301414728,standing
1761225032827459600,-0.1548352454680949,0.0456605119347572,-0.0488578466713428,0.0312497355043888,-0.0397680252790451,0.0029779358301311,standing
1761225032837473500,-0.1369674616131465,0.0799669784232974,-0.0322825594455003,0.0403534136712551,-0.0584351047873497,-0.0096964836120605,standing
1761225032847487700,-0.1389949762522243,0.0911865838348865,-0.0081073186099529,0.0364212542772293,-0.074536308646202,-0.0158744826912879,standing
1761225032857502700,-0.1849034167997539,0.0798436443045735,0.0548766685694456,0.0288972593843936,-0.0773421749472618,-0.0333442240953445,standing
1761225032867516400,-0.2182829046364873,0.0869806565776467,0.0913718772739172,0.018887236714363,-0.0649150684475898,-0.0444322936236858,standing
1761225032877531600,-0.1743235705964267,0.1120996080040931,0.130125094038248,0.0066667501814663,-0.0486561581492424,-0.0531413294374942,standing
1761225032887545600,-0.1224444581414572,0.1004410266533493,0.143830963307619,0.0009318995289504,-0.0377225503325462,-0.0571405999362468,standing
1761225032897559600,-0.0403428971085697,0.0694540599763393,0.1330845283657312,0.006301618181169,-0.0352943018078804,-0.0447303280234336,standing
1761225032907574500,0.0645627351376693,0.0304766790673136,0.0757043525427579,0.0182674676179885,-0.0329648330807685,-0.0225461963564157,standing
1761225032917588500,0.1408548244405072,0.0006026420682668,0.0682762483686208,0.0283622201532125,-0.047498807311058,-0.0067030857317149,standing
1761225032927602400,0.1638961202095262,0.0045955110967159,0.1511520999759435,0.0177897363901138,-0.0645185336470604,-0.0016278999391943,standing
1761225032937617700,0.0936277847082354,-0.0016641338199377,0.1898392657667398,-0.0011716920416802,-0.0771530866622924,0.0005247931694611,standing
1761225032947631600,0.0300873235567007,-0.0109197456821799,0.2287310142189264,-0.0148251857608556,-0.0940199568867683,0.0067049246281385,standing
1761225032957645600,0.0269679220276884,-0.0054570963621139,0.2586561968833208,-0.028297409415245,-0.0645847767591476,0.0121657438576221,standing
1761225032967660500,0.0335684619370382,0.0078904609888792,0.1027834981262683,-0.0317384786903858,-0.0270858667790889,0.0100248288363218,standing
1761225032977674500,-0.0108638507764786,-0.0144713006839156,0.039099838244915,-0.0366430953145027,-0.0211244747042655,0.0135968858376145,standing
1761225032987688400,0.0360955966613255,0.0312394801333546,-0.0419213254064321,-0.0253307837992906,-0.0486343950033187,0.0202214997261762,standing
1761225032997703700,-0.0321630247190594,0.0917541545897722,-0.0895142667084932,-0.0050356797873973,-0.0791619196534156,0.0142344497144222,standing
1761225033007717600,-0.1146935608868952,0.1021869935378432,-0.1306441494762897,0.0205133557319641,-0.0925805196166038,0.0045727677643299,standing
1761225033017732600,-0.091028726392053,0.1452437527149915,-0.1087345154851675,0.0450019910931587,-0.0853285565972328,-0.0071071851998567,standing
1761225033027746600,-0.1318281807622406,0.1439589736014604,-0.0991302363157272,0.060142058879137,-0.0745741799473762,-0.0203769169747829,standing
1761225033037760500,-0.1644956570052541,0.1121171436607837,-0.0233674315840005,0.0650085359811782,-0.0541866794228553,-0.0321696959435939,standing
1761225033047775500,-0.0982110208452679,0.0995715503424406,-0.0092640874296426,0.0676208287477493,-0.0387336909770965,-0.0422500297427177,standing
1761225033057789400,-0.0731277663532877,0.0657668958961963,0.0470282931566238,0.0608076676726341,-0.0433207228779792,-0.0509827993810176,standing
1761225033067803600,-0.0684855802703648,0.0333490196332335,0.1203437047362327,0.050352893769741,-0.0314305052161216,-0.0567259080708026,standing
1761225033077818600,-0.031798413207347,0.0289896553799509,0.070295771497488,0.0385930612683296,-0.0234712623059749,-0.0621860548853874,standing
1761225033087832600,-0.0048051284095388,0.0313324191138148,0.1148819321990013,0.0236159786581993,-0.0192946270108222,-0.0606584697961807,standing
1761225033097846500,0.0500835205753566,0.0055377603828907,0.1047603511571884,0.0161440949887037,-0.0165679715573787,-0.0471787750720977,standing
1761225033107861500,0.0773058329226449,-0.0027276713982224,0.1032259811967611,0.0110505335032939,-0.0095153888687491,-0.0274080000817775,standing
1761225033117875500,0.1452915008468553,-0.0406689872577786,0.1060521445333957,0.0095297135412693,-0.0173052549362182,-0.0124856419861316,standing
1761225033127890700,0.1478824580549728,-0.0386696301341056,0.1229459961891174,-0.0064790798351168,-0.0176418758928775,-0.0013730691280215,standing
1761225033137904600,0.0838266403929796,-0.0251665899604558,0.1412450384676456,-0.0257766768336296,-0.0218509119004011,0.0020654655527323,standing
1761225033147918600,0.0402742888517677,-7.65723675489e-05,0.1543938583761453,-0.0405865162611007,-0.0059747439809143,0.0132651226595044,standing
1761225033157933600,0.0391999376185238,0.0504471616894006,0.0856774650245904,-0.0422718562185764,0.0033098920248448,0.0083380164578557,standing
1761225033167947500,-0.0451911225910298,0.0741492320552468,0.0657552054584026,-0.0408420041203498,0.0105390427634119,-0.0049101444892585,standing
1761225033177961500,-0.0489652160359546,0.1011024131715297,-0.0066647185862064,-0.0287203527987003,0.0078641716390848,-0.0173545349389314,standing
1761225033187976700,-0.0921797778570093,0.1049775010392069,-0.0222585935592651,-0.0085527673363685,0.010279924608767,-0.0268140826374292,standing
1761225033197990700,-0.0852532482631504,0.1272431088611483,-0.0699105715721845,0.0128028541803359,0.0166028030216693,-0.0265016928315162,standing
1761225033208004400,0.0044762275320244,0.1484241363167762,-0.0753150609642267,0.0285453312098979,0.0078255552798509,-0.0235285405069589,standing
1761225033218019600,0.0368858474232954,0.1250564124718308,-0.0087456165134906,0.0288433488458395,0.0018683392554521,-0.0168423783034086,standing
1761225033228033500,0.1122731105406302,0.1457809283316135,0.0876268455266952,0.0185379795730114,-0.0164488814771175,-0.0096017755568027,standing
1761225033238047500,0.085352927511651,0.1271960548490285,0.2164303355723619,-0.0011930910404771,-0.025042962282896,-0.0043871626257896,standing
1761225033248062700,0.0496452615888323,0.0858715262919664,0.2352940259963274,-0.0088677881285548,-0.0152300139889121,-0.0039855577051639,standing
1761225033258076700,0.0278177300903247,0.0138788877487182,0.2313052486211061,-0.0308061260730028,-0.0010225125588476,-0.0092890905216336,standing
1761225033268091600,-0.0067116264678537,-0.0070355977252125,0.279859143909812,-0.0424593202769756,0.0111191049218177,-0.0112891243770718,standing
1761225033278105600,0.0160561998217599,-0.0283805835708975,0.2277408341377973,-0.055727120488882,0.023781819269061,-0.0074438834562897,standing
1761225033288119600,0.0126826728346291,-0.0847130039066076,0.1865028148204088,-0.0683252066373825,0.0277872141450643,0.0009570579277351,standing
1761225033298134500,0.0655784423856996,-0.114278121086955,0.1383674372047185,-0.0797199383378028,0.0349195152521133,0.0199209079146385,standing
1761225033308148700,0.0746454317740863,-0.057143736718595,0.0589133767396211,-0.0825546085834503,0.0301151722669601,0.0344127640128135,standing
1761225033318162700,0.0357366225892445,-0.0397165088385343,-0.0276946471333503,-0.0730201378464698,0.0317217968404293,0.0465628989040851,standing
1761225033328177700,0.0457712514333892,-0.0041179567128419,-0.1751204200625419,-0.0433048494160175,0.0364326611161232,0.0649858489632606,standing
1761225033338191600,0.0485737005342962,0.0253346400037407,-0.2371019522011279,-0.0009325530845671,0.038589209318161,0.0711067542433738,standing
1761225033348205600,0.0313777012939564,0.0571907907307147,-0.2380272503525018,0.038563460111618,0.022377748042345,0.070760540664196,standing
1761225033358220500,-0.0228883930625161,0.1021434466570615,-0.1819751082628965,0.0683794468641281,0.0093742944300174,0.0613781958818435,standing
1761225033368234800,-0.0697459601615788,0.1515282398119568,-0.1006499932289123,0.0757236406207084,0.0067281774245202,0.0426250137388706,standing
1761225033378249700,-0.0902098112246021,0.1869809537261724,0.0173299049854278,0.0595909804105758,-0.0046147215180099,0.0124556943774223,standing
1761225033388263700,-0.1543070203429088,0.211307001209259,0.160567578575015,0.0208371914923191,-0.0062419124878942,-0.0167831499129533,standing
1761225033398277600,-0.133842068734765,0.2174324983522295,0.2246907989174127,-0.0146944373846054,-0.0072129010222852,-0.0367304943501949,standing
1761225033408292600,-0.0582169645738322,0.1525847631275654,0.2673842777401208,-0.0307458415627479,0.0126739870756864,-0.0331818312406539,standing
1761225033418306600,0.0342749799383105,0.1306596393063664,0.1789899549722671,-0.0292445011436939,0.0357994362711906,-0.0183662362396717,standing
1761225033428320800,0.1575915219062939,0.1558893576309084,0.1505184782475233,-0.0188903994858264,0.0495261661708354,0.0019837778527289,standing
1761225033438335700,0.2374694338066503,0.1179547637730836,0.1414589734792709,-0.0031976874452084,0.0553560480475425,0.0217326506972312,standing
1761225033448349400,0.2415012831386178,0.0945095907777547,0.1116366666674613,0.0114337187260389,0.069769337773323,0.0476566590368747,standing
1761225033458363600,0.2680630903171375,0.0668450465217232,0.0786386524289846,0.0223212130367755,0.0664385557174682,0.0650737360119819,standing
1761225033468378600,0.2632859755758196,0.0308972425669431,0.129117962822318,0.0255785249173641,0.0525251403450965,0.0851079002022743,standing
1761225033478392600,0.2237345941711217,0.0449304440945386,0.1490080736845731,0.0175360515713691,0.0324262753129005,0.1026147827506065,standing
1761225033488407600,0.1562619903355837,0.0327004925966262,0.2257774251103401,-0.0121081257238984,0.0168651603162288,0.1044603511691093,standing
1761225033498421800,0.0288277382499305,-0.0021504560321569,0.2703238383233547,-0.0486682280898094,0.0373144745826721,0.0997923240065574,standing
1761225033508435500,-0.0759659352215472,-0.0191468912795186,0.2198234851419925,-0.0772812291979789,0.0594695731997489,0.0926595851778984,standing
1761225033518450400,-0.1088093525533564,-0.044448505796492,0.1642038892507553,-0.0914247035980224,0.078704759478569,0.0854650512337684,standing
1761225033528464600,-0.0873999779682606,-0.0578898789107799,0.0195136787652969,-0.0804021432995796,0.0827804580330848,0.0865343064069747,standing
1761225033538478600,-0.0798089748499915,-0.0125002928718924,-0.106079617062211,-0.0605165585875511,0.0611092001199722,0.0879717916250228,standing
1761225033548493600,-0.0942720556948333,0.0545104656055569,-0.117329325351119,-0.0332974568009376,0.0397746190428733,0.075930044054985,standing
1761225033558507800,-0.1643671900536865,0.0281572962090373,-0.1562730962514877,-0.0056206653825938,0.027960155159235,0.0642050728201866,standing
1761225033568521500,-0.1890909681500867,0.0348626390665769,-0.1877431702703237,0.0222671590745449,0.034585565328598,0.045162409543991,standing
1761225033578536400,-0.1696100591432303,0.0189458157494664,-0.1972200236678123,0.0532999821007251,0.0460029914975166,0.0397955067455768,standing
1761225033588550700,-0.1084289931999519,-0.0246817290529608,-0.192125330877304,0.070633165538311,0.04169213026762,0.0382876247167587,standing
1761225033598565600,-0.091283276541857,-0.0153036598548293,-0.1012725090414285,0.0785214230418205,0.0260594300925731,0.0395516566932201,standing
1761225033608579600,-0.0854624614338856,-0.0306201791912317,-0.0231967511922121,0.0819355994462966,0.0130352396517992,0.0373622700572013,standing
1761225033618593800,-0.0861116460576187,-0.0590530774712562,0.0549210922330617,0.0720221623778343,0.0015483007300645,0.0338610783219337,standing
1761225033628608800,-0.0976368194201961,-0.0160188223868608,0.1567605875074863,0.0549222715198993,0.0080773066729307,0.0395447984337806,standing
1761225033638622500,-0.079938099388685,0.052054012364149,0.2440115854591131,0.0323390364646911,0.0280000157654285,0.0360449515283107,standing
1761225033648636700,-0.08088805705728,0.0429664505451917,0.2939870379835367,0.0112225655466318,0.0521799214184284,0.0349834151566028,standing
1761225033658651600,-0.0356778918390627,0.0617053455457091,0.2686485985875129,-0.0073102912865579,0.061682540923357,0.0383024737238884,standing
1761225033668665600,0.0367729753330815,0.0996025300025939,0.227498842075467,-0.015609766356647,0.0625688433647155,0.0472213998436927,standing
1761225033678679800,0.0546833014218136,0.1093216677233576,0.1633329516351223,-0.0143931899219751,0.0336410254240036,0.0495750941336154,standing
1761225033688694500,0.0297632061688695,0.1120195285052061,0.1438566822707652,-0.0131407044827938,0.009474704042077,0.0492254234850406,standing
1761225033698708500,-0.0523136314147152,0.1430126326620578,0.145854578089714,-0.0197139643132686,0.0069133043289184,0.0412346124649047,standing
1761225033708723200,-0.0709123507595621,0.1239154257431626,0.1230365970820188,-0.0337469577789306,0.0164452902972698,0.029151052236557,standing
1761225033718737200,-0.0672995122909545,0.0636570641353726,0.1762140605181455,-0.0431980676949024,0.0073863491415977,0.02690364792943,standing
1761225033728751000,-0.0166187427750788,0.0800961577609181,0.1719546495079994,-0.0577876605093479,-2.78912484645e-05,0.0324560739099979,standing
1761225033738766000,0.0128808714210055,0.0364189285978674,0.1869447133690118,-0.0754115805029869,0.001590177649632,0.0412838794291019,standing
1761225033748780300,0.0256334128877613,-0.0157680624961853,0.1703121429979801,-0.0935453101992607,0.0045404275879263,0.0453497283160686,standing
1761225033758794200,0.0118572274616919,-0.0172442725285887,0.1624842258512973,-0.0977242887020111,-0.0082907015457749,0.0518036596477031,standing
1761225033768809200,-0.0394668540595564,-0.010951309864223,0.1091705688148736,-0.0877387672662735,0.012064104899764,0.0543123558163642,standing
1761225033778823200,-0.1030848100272472,-0.0298889423072338,-0.0637356823295354,-0.0718282908201217,0.0483238771557807,0.0508966222405433,standing
1761225033788837000,-0.1122704710589721,-0.0331909064620733,-0.1559141998112201,-0.0465021543204784,0.0426249802112579,0.0533794872462749,standing
1761225033798852000,-0.1100916657151654,0.052022448182106,-0.1521411110132932,-0.0179534200578928,0.0297619756311178,0.0461410544812679,standing
1761225033808866300,-0.1207814659658353,0.0703074619352817,-0.2390285363495349,0.0129485689103603,0.0223975367844104,0.0385811366140842,standing
1761225033818881300,-0.1918600310046225,0.0486661234915256,-0.2967518265217542,0.0426164455711841,0.0133126880973577,0.024010419845581,standing
1761225033828895200,-0.1774256282649934,0.1144371110409498,-0.2469727733522653,0.0706193149089813,0.0048134755343198,0.0146312983706593,standing
1761225033838909200,-0.1603401264946907,0.1502855462744832,-0.1990852330178022,0.0965128913521766,0.0077238590456545,0.0083716362714767,standing
1761225033848924200,-0.1533464316824451,0.1221378946766257,-0.1207294891834259,0.1114905104041099,-0.0077661508694291,-0.001229592366144,standing
1761225033858938000,-0.1208556819795165,0.1294672146514058,0.0332826763987541,0.115936167538166,-0.0357589423656463,-0.0044371373951435,standing
1761225033868952300,-0.0580897488644346,0.1112897529259324,0.1975046858280897,0.1072337552905082,-0.0607838630676269,-0.0066142710857093,standing
1761225033878967300,-0.0222487297523766,0.0462038250312209,0.3081570176333189,0.0896663591265678,-0.0550254695117473,-0.009404364041984,standing
1761225033888981000,-0.0510389261706266,-0.0081324530512094,0.4071563210457563,0.0472549870610237,-0.049489289522171,-0.0120845697820186,standing
1761225033898995200,-0.0886259760992601,-0.0386328052550554,0.503648610073328,-0.002102097030729,-0.0396071709692478,-0.0150045258924365,standing
1761225033909010200,-0.0881003265236504,-0.0532891071170568,0.4928413848549127,-0.0499958507716655,-0.0229640118777751,-0.0131994355469942,standing
1761225033919024000,-0.1606305790749378,-0.0439502008855342,0.3675263214468955,-0.0739475190639495,0.0019583909306675,-0.0113173499703407,standing
1761225033929039400,-0.2107316490067169,0.0091407533109188,0.1947059950202703,-0.0790203139185905,0.0164736844599246,-0.017812268808484,standing
1761225033939053300,-0.2094535918949172,0.0672191405311226,0.0288935015290975,-0.0598373711109161,0.0247420743107795,-0.022703094407916,standing
1761225033949067000,-0.1697731772830709,0.1181926641821861,-0.1633984180867672,-0.0216660164296627,0.0211678445339202,-0.0278661642223596,standing
1761225033959082200,-0.1310697818766813,0.123625502885878,-0.2734311566889286,0.0169762913137674,0.0049043265171349,-0.0326514951884746,standing
1761225033969096200,-0.1200438815394416,0.1171501693919301,-0.3046902183055877,0.056779894977808,-0.0166065581142902,-0.0379807464778423,standing
1761225033979110100,-0.0845153076437301,0.1101823762059211,-0.3093003424495458,0.0821525007486343,-0.0240885261446237,-0.0446884594857692,standing
1761225033989125400,-0.0909991441045422,0.0735328537225723,-0.2575105339795351,0.0969596728682518,-0.0345851108431816,-0.0543184503912925,standing
1761225033999139300,-0.1173994040457997,0.0432806310608983,-0.1083563298225402,0.1006797105073928,-0.034745343029499,-0.062505766749382,standing
1761225034009153000,-0.0921610914228484,0.0606239800497889,-0.02034720697999,0.099122829735279,-0.0350587964057922,-0.0725554749369621,standing
1761225034019168300,-0.0422794683614512,0.0679763886392116,0.084978961366415,0.0900713950395584,-0.0328444875776767,-0.0769039765000343,standing
1761225034029182200,0.0374530802514636,0.0573798835620284,0.1536141061753034,0.0825823247432708,-0.0267343968152999,-0.0701270326972007,standing
1761225034039196200,0.110898168925615,0.056615913452208,0.1913525929391384,0.0650213584303855,-0.0343014299869537,-0.0553091391921043,standing
1761225034049211100,0.1324753286925144,0.0618172814875841,0.2613298000067472,0.0486908555030822,-0.0307788643985986,-0.0435491502285003,standing
1761225034059225300,0.1538839908915572,0.0646259091675281,0.3104793231010437,0.0235317833721637,-0.0277264229953289,-0.0347703769803047,standing
1761225034069240300,0.1090103732844814,0.0494791934400796,0.3346002034008503,-0.008525219745934,-0.0187478438019752,-0.0292850639671087,standing
1761225034079254300,0.1170209352553822,0.0328711729884147,0.3136263889551162,-0.0333518907427787,-0.0113182654604315,-0.0257024150341749,standing
1761225034089268200,0.0901382620920427,0.0268330618679523,0.2612234170228242,-0.0527628697454929,-0.0128149623051285,-0.0246808268129825,standing
1761225034099283200,0.0722782003192463,0.0270467046186327,0.2457090370267629,-0.0659075453877449,-0.0242496579885482,-0.0194065701216459,standing
1761225034109297200,0.0700242382468422,0.0682899846330285,0.1852776569396257,-0.0636896640062332,-0.0175006762146949,-0.0157902650535106,standing
1761225034119311400,0.0248366182205732,0.0666334495976567,0.079628247988224,-0.0602992735803127,-0.0073648770339787,-0.0146932415664196,standing
1761225034129326000,-0.0143172015341697,0.0684638798952102,0.0086707977116107,-0.0499765947461128,0.0039767264388501,-0.0166567899286746,standing
1761225034139340300,-0.0026624835077906,0.0762456198126077,-0.0562707532763481,-0.0348141267895698,0.0036637522280216,-0.0159711185842752,standing
1761225034149354200,0.0078889083526097,0.0764899499624967,-0.1021545525729656,-0.01612832210958,0.0002282741479575,-0.0182664971798658,standing
1761225034159369200,0.0194088575507979,0.071826926587522,-0.1488438230335712,-0.0011338493786752,-0.0094023225829005,-0.0178758781403303,standing
1761225034169383200,0.0062685086431214,0.0576534398064017,-0.1342553257107734,0.0169175900518894,-0.0252135097980499,-0.0205454304814338,standing
1761225034179398400,-0.0006405857587466,0.0775116942256689,-0.0948304932951927,0.0284605417400598,-0.0270100608468055,-0.0245004314929246,standing
1761225034189412000,-0.0081204840522026,0.0676879270866513,-0.0430325015187263,0.0260796751827001,-0.0196642633527517,-0.0273385625332593,standing
1761225034199426000,-0.0190095651680603,0.0481458990097045,0.0117424602419137,0.0209817420691251,-0.0133463265374302,-0.0300604477524757,standing
1761225034209441300,-0.004069875220838,0.0525420881420373,0.102263858166337,0.01617500372231,0.0061996774747967,-0.0321712680160999,standing
1761225034219455200,0.0245991973020834,0.0363750894561409,0.0752560242533683,0.0125712454319,0.0116042494773864,-0.0333471186459064,standing
1761225034229469200,0.0613031214203685,0.024647826783359,0.0858352859348058,0.0123739056289196,0.0001609129831194,-0.0232457499951124,standing
1761225034239484400,0.1164865909166634,0.0535506806626915,0.0993015012294054,0.0143668968230485,-0.0048201531171798,-0.0211742427200078,standing
1761225034249498000,0.0900967336384113,0.0371770534887909,0.0394967286080122,0.0205576810985803,-0.0085706831887364,-0.0197635665535926,standing
1761225034259512000,0.0749723028080072,0.0301689282923936,0.1132055234193801,0.0166845954954624,-0.0118277072906494,-0.0112883476540446,standing
1761225034269527300,0.105985691701062,0.0672796385467052,0.1170388179719448,0.0105294995009899,-0.0040030744858086,-0.0054336544126272,standing
1761225034279541200,0.0890398175971582,0.0459188706099987,0.0782692345947027,-0.0013975980691611,0.0048995222896337,0.0004575129132717,standing
1761225034289556200,0.085774714853987,0.0499529484316706,0.069290393847227,0.0017108432948589,0.0101504772901535,0.0046306862495839,standing
1761225034299570400,0.088239844592195,0.0585118102014064,0.0693453389048576,-0.0014880439266562,0.0098581984639167,0.0120642054826021,standing
1761225034309584100,0.0545878919230541,0.0874932822749018,0.0172235220015049,0.0088996160775423,0.0128606464713811,0.0152690540999174,standing
1761225034319599000,0.0683133335425751,0.106338852520287,-0.0325859263062477,0.0179362706840038,-0.0072997291572391,0.0065081138163805,standing
1761225034329613300,0.0257587197678629,0.0918970701918005,0.0526338580787181,0.0280251242220401,-0.0074414093978703,-0.0038806111551821,standing
1761225034339627300,-0.0077779953240416,0.0603936784252524,0.0034720600247383,0.0247315447777509,0.0048850579187273,-0.0172736458480358,standing
1761225034349642200,0.0131214661106932,0.0489724129617214,0.018842063114047,0.014062387868762,0.0070542022585868,-0.0215903632342815,standing
1761225034359656400,0.0974629241580143,0.0284586172431707,0.0591693973273038,0.0038842097856104,0.0114402826875448,-0.01637789234519,standing
1761225034369670100,0.1182363937260582,0.0261515093445777,0.0299298588395118,-0.0027683665975928,0.0147082470357418,-0.0071564307436347,standing
1761225034379685000,0.1009991719927638,0.0253591899231076,-0.0016506898164749,-0.005297805648297,0.0251168999820947,0.0014010404702275,standing
1761225034389699300,0.0861984475582372,0.0246434428691864,-0.0457569580465555,0.0037122007925063,0.0130383986979722,0.0101995915174484,standing
1761225034399713300,0.0732620556908659,0.0530155508726835,-0.0306809694677591,0.0248414613306522,0.0209583826363086,0.0266861878335475,standing
1761225034409728300,0.0852029245817102,0.1026782841861247,-0.1116623856306076,0.0457123927772045,0.0213410817086696,0.0332088023424148,standing
1761225034419742200,0.0100763901932165,0.0737158090740442,-0.064350014835596,0.0603008680045604,0.0188619699329137,0.0311792083084583,standing
1761225034429757200,-0.0100078093358781,0.0829965553775429,-0.0137070383131504,0.0678607895970344,0.0261635594069957,0.0286265686154365,standing
1761225034439771100,0.0310509170250035,0.1183025542974472,0.0242097276270389,0.0599349550902843,0.0298120900988578,0.0242225006222724,standing
1761225034449785300,0.0001917962450534,0.1063549268722534,0.0962830301910638,0.0508897937834262,0.0366721227765083,0.0162197016179561,standing
1761225034459800300,-0.0233131349803414,0.0681876933023333,0.1046083754658699,0.0417510084807872,0.0343753062188625,0.0114112626761198,standing
1761225034469814300,0.026524333845498,0.0706692809849977,0.1354062493115663,0.0424642041325569,0.020480528473854,0.0089683458209037,standing
1761225034479828200,0.078951042846404,0.0599167085632681,0.1714081215411424,0.0394288450479507,0.0073787323199212,0.0082710292190313,standing
1761225034489843200,0.0886256655720062,0.0744330174326896,0.2367518235892057,0.0234506819397211,-0.0113390292972326,0.0034009059891104,standing
1761225034499857200,0.0684579798773862,0.017937515489757,0.3087941464930772,-0.0006993960123509,-0.0205200091004371,0.0067218677140772,standing
1761225034509871400,0.0871984366473276,-0.0247314134135842,0.3353741103827953,-0.0288287680596113,-0.0120887085795402,0.0190238077193498,standing
1761225034519886300,0.0873155967535916,-0.0011783961296081,0.3162485541522503,-0.0608623102307319,-0.010386205278337,0.0229457505047321,standing
1761225034529900300,-0.0413339357062242,-0.078279755988717,0.2970633766889572,-0.0791020318865776,0.0049677174538373,0.0321834571659565,standing
1761225034539914200,-0.0399995909630786,0.0169999423786997,0.192035899028182,-0.0909061804413795,0.0114218592643737,0.0432084091007709,standing
1761225034549929200,-0.0832003251881804,0.0712090869501233,0.0799959122568368,-0.077340044081211,0.0261323638260364,0.0436337143182754,standing
1761225034559943200,-0.0802750397254712,0.137393039214611,-0.0967412953525781,-0.0478115230798721,-0.0082780010998249,0.0304165128618478,standing
1761225034569958100,-0.3110606666529551,-0.0600146159797906,-0.0672737933278083,-0.0076318783685564,0.0253092534840106,0.0100742252543568,standing
1761225034579972400,-0.2259006678975187,0.1270902563869953,-0.3115273708492517,0.0150318276137113,0.0324058718979358,0.0094197476282715,standing
1761225034589986300,-0.0259541692747268,0.2971124765276908,-0.127777069607377,0.0238934960216283,-0.0005890955217182,-0.0047831563279032,standing
1761225034600001300,-0.1587102054716087,0.1337172733113169,-0.0462841967910528,0.0243944972753524,0.0012531857937574,-0.0282302889972925,standing
1761225034610015200,-0.2365581093817017,0.0600233838081359,-0.0453431165486574,0.0187422055751085,-0.0041754022240638,-0.0490242503583431,standing
1761225034620029200,-0.1743266028037294,0.0067202481657266,0.0255079507440328,0.0132864601910114,0.0238562431186437,-0.0561793334782123,standing
1761225034630044200,-0.048590373107884,0.0624985417500138,-0.0492594132095575,0.0087295258417725,0.0256291087716817,-0.0541907511651515,standing
1761225034640058400,0.0048268173682503,0.0455085362434387,0.0370084189236164,0.0121947526931762,0.0135376313701272,-0.0548133291304111,standing
1761225034650072000,-0.0454280457525979,-0.0066346157088875,0.0114279874652624,0.0166076105087995,0.0067297928035259,-0.053682018071413,standing
1761225034660087000,-0.0226432728947605,-0.0197866504877805,0.009020926323533,0.0261499434709548,-0.0044820783659815,-0.0448914244771003,standing
1761225034670101200,0.0313280625991057,0.0048988779574632,0.0400151995241642,0.0398103632032871,0.0042304527014493,-0.0311401933431625,standing
1761225034680115200,0.0498587582090403,0.0280617268800735,0.038788288077712,0.0411976799368858,-0.0055207847617566,-0.0115998471155762,standing
1761225034690130200,0.0208865654205437,-0.0018938509225845,0.1559364116430282,0.0357216894626617,-0.0065303887240588,0.0015095628332346,standing
1761225034700144400,0.0104128738722763,0.0587596474826335,0.170241415849328,0.0222847890108823,-0.0112740844488143,0.0118050090968608,standing
1761225034710158800,-0.0006146978322416,0.0719143126100301,0.21943653165102,0.0039665014483034,-0.0097678005695343,0.010705123655498,standing
1761225034720172800,-0.0396328400099184,0.0513517093136906,0.1893926910430192,-0.0096019282937049,0.007787104230374,0.0037914265412837,standing
1761225034730187000,-0.0810266252777539,0.018411270481348,0.1255517947733402,-0.0218516699969768,0.0229183882474899,-0.0089699085801839,standing
1761225034740202000,-0.1142119148497935,0.0347577173873782,0.118951958116889,-0.0428333468735218,0.0346738100051879,-0.0213917251676321,standing
1761225034750215700,-0.1315686804426833,0.0718672585979104,0.1152425822049379,-0.0658414587378501,0.0446353629231452,-0.037199717015028,standing
1761225034760230000,-0.1727044449619948,0.0745578128561377,0.1022913306951522,-0.0748320668935775,0.0403194837272167,-0.0483761690557003,standing
1761225034770244900,-0.1312058384796604,0.0854001093879342,0.0471171404838562,-0.059661366045475,0.021093588322401,-0.046693317592144,standing
1761225034780258800,-0.0458888316647615,0.1291620942249894,-0.0287391877502203,-0.033227439969778,0.0074827782809734,-0.043789342045784,standing
1761225034790273000,-0.0046412682008929,0.1459293968915939,-0.0786918439209461,-0.0042192256078124,-0.0134342219680547,-0.036221969872713,standing
1761225034800288000,-0.0001581679700873,0.1371609840244054,-0.0710714320451021,0.0197948608547449,-0.0314268544316291,-0.0286548677831888,standing
1761225034810301700,0.0060755479208659,0.1234498540580272,-0.0297346285283565,0.0315577760338783,-0.0338985323905944,-0.023373020812869,standing
1761225034820316000,-0.0455404109527356,0.0595475829899311,0.0376864643156528,0.0405864529311656,-0.0326708666980266,-0.0200734306126832,standing
1761225034830331000,-0.0691687128294725,0.0414367567598819,0.1214782617241144,0.0361139401793479,-0.0096499677747488,-0.016624903306365,standing
1761225034840344800,-0.1008914099025074,0.043795887106657,0.1706710394382476,0.011557693593204,0.0090345395728945,-0.0257411357015371,standing
1761225034850359000,-0.1753979218296706,-0.0031920740395784,0.2065373025894165,-0.0165429152548313,0.0311225298792123,-0.0334557779133319,standing
1761225034860374000,-0.1545375228968449,0.0158010879829525,0.1928279261887073,-0.0337923988699913,0.0268584713339805,-0.0470768511295318,standing
1761225034870387700,-0.1218071374854538,0.0105523736745119,0.1821709230959415,-0.0478325821459293,0.012769017368555,-0.0563598312437534,standing
1761225034880402700,-0.0930186672334093,-0.0190945765703916,0.1138332999289035,-0.0492222197353839,-0.000714833382517,-0.0610624365508556,standing
1761225034890417000,-0.0269921705529559,-0.0081216393962502,-0.0052495910912752,-0.0408495068550109,-0.0079136239364743,-0.0582280382513999,standing
1761225034900430800,-0.0064128901164513,-0.0351338572233915,-0.0523889434069395,-0.0177598614245653,-0.049450185149908,-0.05416701734066,standing
1761225034910445800,-0.0189220330150797,-0.0117129418864846,0.0054535892307758,0.0093910647556185,-0.0650424659252166,-0.051414106041193,standing
1761225034920460000,-0.0248369835467543,0.0651125236406922,-0.0187456170022487,0.0236149840056896,-0.047611303627491,-0.0498426668345928,standing
1761225034930473700,-0.058012244915124,0.0343655031993985,0.0004272855013608,0.0245737209916114,-0.0389789305627346,-0.0461424700915813,standing
1761225034940488700,-0.0941181346416007,0.0279173499733209,0.1242237610399722,0.0101915234699845,-0.030076690018177,-0.0418226979672908,standing
1761225034950503000,-0.1098881607660092,0.0855655290827155,0.1280319211512804,-0.0041834218427538,-0.0215231496840715,-0.0386780351400375,standing
1761225034960516900,-0.0931864798146765,0.0839785521522164,0.1112999820590019,-0.0127013847231864,-0.0072562098503112,-0.0406260080635547,standing
1761225034970531800,-0.1106135432979557,0.0500856349006295,0.0951455505937337,-0.0185315776616334,-0.0179975368082523,-0.0445973128080368,standing
1761225034980546000,-0.1078702998712658,0.058385845734179,0.1114753386259078,-0.0173055958002805,-0.0290654674172401,-0.0466331057250499,standing
1761225034990559700,-0.0253848997530993,0.0962508814871311,0.0973164648920297,-0.0208153761923313,-0.0285133942961692,-0.0482797361910343,standing
1761225035000574700,-0.0256586386605631,0.059840428456664,0.1042734444230794,-0.0226423442363739,-0.0252208895981311,-0.0466258823871612,standing
1761225035010589000,-0.0044061625370755,0.0510147324442863,0.1170990237265825,-0.0359613448381423,-0.0189041383564472,-0.0396483987569808,standing
1761225035020604000,0.0433906216408591,0.0379608973428607,0.1400964529544115,-0.0462036058306694,-0.007470401469618,-0.0319953002035617,standing
1761225035030617900,0.0429019156753085,0.053853755262494,0.1198614741772413,-0.0553608834743499,0.0078987013548612,-0.0277632735669612,standing
1761225035040631800,0.0216007141724228,0.0240989607289433,0.0903249985694885,-0.0568844191730022,0.0147543847560882,-0.0301922019571065,standing
1761225035050646800,0.0129444290433544,0.0082449735149741,0.0827063402593135,-0.0502973571419715,0.0187198314815759,-0.0320968963205814,standing
1761225035060660700,0.0201049409230239,0.0398883582741022,0.0548679007411003,-0.0379166789352893,0.015442419797182,-0.0283629521727561,standing
1761225035070675000,0.0641240697257686,0.0577700519233942,-0.0020516718327999,-0.0230519771575927,0.0173103604465723,-0.0223407465964555,standing
1761225035080690000,0.096910907165287,0.0391752415686845,-0.0363584305822849,-0.011014450341463,0.0028288536705076,-0.015581676736474,standing
1761225035090704000,0.0881374162641819,0.0387511709377169,0.0155459441781044,-0.0018363978015258,-0.017825823277235,-0.0038440616335719,standing
1761225035100717800,0.1142551420701667,0.0589887800633907,0.0734124422132968,0.0041251080110669,-0.0446734763681888,0.000103180995211,standing
1761225035110732800,0.0984120689758565,0.0323830972105264,0.0849281079620122,0.0073430063202977,-0.0543202459812164,0.0046047223731875,standing
1761225035120746800,0.0183229346107691,-0.0184077633500099,0.1030821888118982,0.0070372754707932,-0.0569117665290832,0.0022001541219651,standing
1761225035130761000,-0.0088419438942801,-0.0466615056708455,0.1788642827659845,-0.0083565954118967,-0.058820191770792,-0.0015714147593826,standing
1761225035140776000,-0.0120821039924398,-0.0379524217754602,0.2417372107863426,-0.0290525518357753,-0.0448348633944988,-0.0028025938663631,standing
1761225035150790000,-0.0624812252890318,-0.0512920880809426,0.226902045226097,-0.0513247437775135,-0.0217059049755334,-0.004427159205079,standing
1761225035160804900,-0.1084253764707595,-0.0487868272617459,0.1651005458295345,-0.0671683549880981,-0.0051334043964743,-0.0057452553883194,standing
1761225035170818800,-0.085578379431134,0.0038633974298834,0.0762438662469387,-0.0668732747435569,0.0089334119111299,0.000309973838739,standing
1761225035180832800,-0.0521084916308987,-0.0027919688060879,-0.037937808728218,-0.0468391552567482,0.0082559408619999,0.0053782695904374,standing
1761225035190848000,-0.0839453896681312,0.0471279541388154,-0.1496884571641683,-0.0157012082636356,0.0129737304523587,0.007052332162857,standing
1761225035200862000,-0.0659161316411569,0.0978209072828292,-0.2060971576064825,0.0109783299267292,0.0128719881176948,0.0129091255366802,standing
1761225035210876000,-0.0384621979285031,0.085913319607079,-0.1884995415955782,0.033435434103012,0.0032595745287835,0.0065494971349835,standing
1761225035220891000,-0.030205269114254,0.050707566191256,-0.1241904432922601,0.0465145520865917,-0.0144579065963625,-0.0056557115167379,standing
1761225035230904800,-0.0395872199030593,0.0716246820136904,-0.0368202028751373,0.0535943023860454,-0.0066710896790027,-0.0087292660027742,standing
1761225035240918800,0.0090961013184394,0.0646402299538254,-0.0342705183923244,0.0544380880892276,-0.003493539057672,-0.0162134449928998,standing
1761225035250933800,0.0080536065281834,0.0418482601702213,0.0339314956963062,0.0530889295041561,-0.0050954301841557,-0.0148930493742227,standing
1761225035260948000,0.052506614969857,0.0654328416362404,0.1027303066343069,0.052872959524393,0.0088363755494356,-0.0093893287703394,standing
1761225035270962000,0.0906037972445599,0.0725388742491602,0.0715595078229904,0.0454115830361843,0.0121173905208706,0.0024028818588703,standing
1761225035280977000,0.0903344970501959,0.0782084443181753,0.1638841557770967,0.0402886755764484,-0.0029653976671397,0.0114349955692887,standing
1761225035290990800,0.1002569022580981,0.0754141374245286,0.2136135245859622,0.0389903858304023,-0.0087295435369014,0.0238762181252241,standing
1761225035301004800,0.1143120964217931,0.0881745425373315,0.2044657570123672,0.031511016190052,-0.004184968303889,0.0286764651536941,standing
1761225035311019800,0.0674799012260045,0.0559103955313563,0.190724816429615,0.0275807213038206,0.013582045212388,0.0291273389011621,standing
1761225035321034000,0.0847288042639382,0.0307607567057013,0.1894119802653789,0.0119710387662053,0.0143758002668619,0.031405035406351,standing
1761225035331047700,0.0819069791757036,-0.0104375151231884,0.245712544158101,-0.0074194362387061,0.0101554887369275,0.0390150174498558,standing
1761225035341063000,0.0604746621064376,0.0135550626218318,0.2051169143974781,-0.0249123536050319,0.0199249312281608,0.0436360090970993,standing
1761225035351076900,0.0508902658144012,0.0259960265219211,0.0952180313080549,-0.0344968028366565,0.03543172031641,0.0498600825667381,standing
1761225035361091800,0.0358280226331669,0.0557668954074382,0.024895956325531,-0.0367862656712532,0.0287915673106908,0.0434984602034091,standing
1761225035371105800,-0.0670594838568475,-0.0429047834858298,0.0311485869795083,-0.0251098982989788,0.0358753055334091,0.0463291332125663,standing
1761225035381120000,-0.0302931300607975,0.0567766569718718,-0.0955009399026632,-0.0098374113440513,0.0338920354843139,0.0469033420085907,standing
1761225035391135000,-0.0496966538493521,0.1057213051438331,-0.0751665924042463,0.0083666257560253,0.0272431895136833,0.0417234897613525,standing
1761225035401148700,-0.0709197212152648,0.0722244014725089,-0.1071755956053733,0.0326642505824565,0.025488443672657,0.035953514277935,standing
1761225035411163000,-0.0429900414833333,0.0647618105068802,-0.1227618717938661,0.0591227561235427,0.025921206921339,0.0352512411773204,standing
1761225035421177900,-0.0314137589880265,0.0680418550908565,-0.1205722527951002,0.0732107535004615,0.0269623342901468,0.0381988994777202,standing
1761225035431191800,-0.0744392553772311,0.0343982364252209,-0.0895171893179416,0.0812950432300567,0.0354498289525508,0.03351866081357,standing
1761225035441206000,-0.1337146155633498,0.016743921791017,-0.0411813206940889,0.0716683641076088,0.0358135066926479,0.0265229661017656,standing
1761225035451221000,-0.1407787726627662,0.0460784450858831,0.0478939700752496,0.0581176728010177,0.0405920147895813,0.0107003273442387,standing
1761225035461234700,-0.1584487232575193,0.040064007101953,0.081653616335988,0.0406687296926975,0.0464101657271385,0.0012990663526579,standing
1761225035471249000,-0.1173705341443419,0.0039662732824683,0.1037847841233015,0.0332632772624492,0.0518291667103767,-0.004872010089457,standing
1761225035481263900,-0.0426714953197632,0.0284416661083698,0.1039326681613922,0.0338031314313411,0.0404566191136837,-0.0027415461372584,standing
1761225035491277800,0.014205270158872,0.0254421920314431,0.1425257259279489,0.0352321825921535,0.0287464335560798,0.0049198353663086,standing
1761225035501292000,0.0385089140139054,0.006212298643589,0.1320861649781465,0.0351877063512802,0.0329449102282524,0.0144342444837093,standing
1761225035511307000,0.0347210203724913,0.0352814490005373,0.0879904181420803,0.0279465708881616,0.0374970473349094,0.0255798399448394,standing
1761225035521320700,0.0009377557741478,0.0571817306414246,0.1117377889543771,0.0231598038226366,0.0420633032917976,0.0299072116613388,standing
1761225035531335000,-0.0335993593988008,0.0517670121163129,0.0880851106882095,0.0233398340642452,0.0436681248247623,0.0345765277743339,standing
1761225035541350000,-0.0687640136192552,0.0515332033604383,0.0887929666966199,0.0269162226468324,0.0325240790843963,0.0344196073710918,standing
1761225035551363800,-0.0589303644070401,0.1121294186204671,0.115158411052823,0.0376298539340496,0.0077177993953228,0.0336028151214122,standing
1761225035561379000,-0.0632020138442516,0.1209188742756843,0.1262315937310457,0.0449166744947433,-0.002566420007497,0.0202972292900085,standing
1761225035571392800,-0.0997103742912411,0.0775491036266088,0.1262023676365614,0.0482072792947292,-0.0090544130653142,0.0074413530528545,standing
1761225035581406700,-0.0757814911658875,0.0726104781806468,0.2035398743391037,0.0408135764300823,-0.0022961562499403,7.39200040698e-05,standing
1761225035591422000,-0.0485856969327665,0.0679895403817296,0.2538216163337231,0.0199136193841695,0.0057873367331922,-0.0033112242817878,standing
1761225035601436000,-0.0405830260073766,0.0338806422919035,0.298173383757472,-0.0100954603403806,0.0137412417680025,0.0015430790372192,standing
1761225035611449900,0.0137170117178931,0.0264917010843753,0.2985328647196292,-0.0342007987201213,0.0255656763911247,0.0148487640544772,standing
1761225035621465000,0.0134089869483374,0.0138709967032074,0.2213666229307651,-0.043811734765768,0.0328884124755859,0.0342028550803661,standing
1761225035631478800,0.0105327556585893,0.0384741075620055,0.1533440570622682,-0.0355338305234909,0.0371468067169189,0.04181469976902,standing
1761225035641492700,0.0020307934415526,0.0434878440707921,0.0724316144824028,-0.0369147583842277,0.0584026351571083,0.0463224351406097,standing
1761225035651508000,-0.0540136767982505,0.0561617399439215,-0.0513105005204677,-0.0362281948328018,0.0560406781733036,0.0477964952588081,standing
1761225035661522000,-0.0757160795131698,0.0940548327475786,-0.0660708472788333,-0.0170549917966127,0.0559245273470878,0.0430435165762901,standing
1761225035671535900,-0.0906823423734866,0.1076972813919186,-0.1833241847842931,0.0087529029697179,0.066044807434082,0.0360311493277549,standing
1761225035681551000,-0.1177492860625498,0.1214575111970305,-0.2319435465246438,0.0320212878286838,0.0568001009523868,0.0266106836497783,standing
1761225035691564800,-0.061934039735049,0.1466898598700761,-0.155030402714014,0.0579242557287216,0.0391047298908233,0.0160840060561895,standing
1761225035701578800,-0.0583483815343119,0.1474205122321844,-0.0498152935266494,0.0804310888051986,0.0206072814762592,0.0043685613200068,standing
1761225035711594000,-0.0695643519503995,0.1597825656771659,0.0265600901454687,0.0902014225721359,0.0059873266145586,-0.0076657310128211,standing
1761225035721608200,-0.0388311773713678,0.1045326798811554,0.1808434738844633,0.0812626704573631,-0.0276765190064907,-0.0082006594166159,standing
1761225035731622100,0.0222687861597165,0.0599742839694023,0.3715542617887258,0.050305288285017,-0.0382338240742683,-0.0061681345105171,standing
1761225035741637000,0.009702972037252,0.0060080082431435,0.4622147759228944,0.0086861765012145,-0.0462608076632022,-0.0125537980347871,standing
1761225035751651000,-0.0271118970756419,-0.0765083624020218,0.6034907940506935,-0.0442172512412071,-0.0416079983115196,-0.01565558090806,standing
1761225035761665000,-0.0154041428209282,-0.0962964741945266,0.5978203471988439,-0.1109139323234558,-0.0163343548774719,-0.0128952171653509,standing
1761225035771680000,-0.0339504378587938,-0.1114677398413419,0.4253828826099634,-0.1564758270978927,0.0097707491368055,0.0035854887682944,standing
1761225035781694200,-0.0525168075703084,-0.1281301208287477,0.2250397584855556,-0.1743981391191482,0.0287697128951549,0.0208208728581666,standing
1761225035791709200,-0.0261102092198096,-0.0665460635751485,0.0111976858407258,-0.1478493511676788,0.0365290977060794,0.0365961045026779,standing
1761225035801723100,-0.0480396256236359,-0.000231178407371,-0.1849368806779384,-0.1054735332727432,0.0324437022209167,0.0385156124830246,standing
1761225035811737000,-0.1471612402414903,0.0757803403884172,-0.36490707885921,-0.0565344914793968,0.0090797897428274,0.0274813380092382,standing
1761225035821752000,-0.2407734620544128,0.091554832625389,-0.4116454491585493,-0.0112087130546569,-0.0142514873296022,0.0064105410128831,standing
1761225035831766000,-0.2422103264571167,0.1253048342749476,-0.4453758693248033,0.0372509658336639,-0.0366859547793865,-0.0152201857417821,standing
1761225035841780200,-0.2383501621639356,0.1237996904090046,-0.3811450969547033,0.0742826536297798,-0.0230541657656431,-0.0355758965015411,standing
1761225035851795200,-0.2454543864122591,0.0567220041751861,-0.408428825199604,0.0995003953576088,-0.0030186721123754,-0.0624272190034389,standing
1761225035861809000,-0.1922548390084877,0.0328363939359784,-0.230177121374011,0.1072706207633018,-0.0121162254363298,-0.0732747316360473,standing
1761225035871823000,-0.0335871209717355,0.1154164774671197,-0.0580938770502805,0.1043014675378799,-0.0197728127241134,-0.0713652446866035,standing
1761225035881838000,0.0391577607109211,0.0927092633575201,0.0487993944823741,0.0992192476987838,-0.0306937806308269,-0.059535089880228,standing
1761225035891852000,0.1177323714603669,0.0716375414952635,0.1468833366155624,0.09369957447052,-0.0342147462069988,-0.0464821383357048,standing
1761225035901866200,0.1691197548756375,0.0859156576946377,0.2230243270099162,0.0793606489896774,-0.0335924513638019,-0.0294137727469205,standing
1761225035911881200,0.1646078669417649,0.0228007376119494,0.3282756765544414,0.0581078268587589,-0.0225709602236747,-0.0105364872142672,standing
1761225035921895000,0.1560323645644821,0.0239423088625073,0.3738409114211797,0.022098297253251,-0.0102512706071138,0.0022380948066711,standing
1761225035931909000,0.1316302013715729,0.0396735464796423,0.4626712875187396,-0.0212004408240318,-0.0161301996558904,0.0101093333214521,standing
1761225035941924000,0.1123588251958601,0.0052966451033949,0.5025450327455997,-0.0549281686544418,-0.0042590498924255,0.0205295849591493,standing
1761225035951938000,0.1257501486233435,0.039942718809843,0.3779050921201706,-0.0766230747103691,0.0134704122319817,0.0271768346428871,standing
1761225035961952300,0.0780275895922444,-0.0067675944387912,0.2618161222189665,-0.0891138836741447,0.0116381794214248,0.0260087754577398,standing
1761225035971967200,0.0368488992466591,-0.0049994157224893,0.1873316668599844,-0.0818847343325614,-0.0016430052928626,0.0237687900662422,standing
1761225035981981000,0.0212546041484922,0.0264648130774497,0.1057137063592672,-0.0755487009882927,-0.0012209373526275,0.0163745190948247,standing
1761225035991995100,-0.0154999130792915,0.0213289114937186,-0.037447394862771,-0.0629386305809021,0.0048928814940154,0.0086833098903298,standing
1761225036002010000,-0.0188471228816546,0.0119222007229924,-0.0913151786506176,-0.0538525655865669,0.0014502562116831,0.0024152980186045,standing
1761225036012024000,-0.0317788294407539,0.032654315367341,-0.1095762270063161,-0.0341355875134468,-0.0102396886795759,0.000319123850204,standing
1761225036022038300,-0.0503876317881979,0.0613341741457581,-0.1403191557943821,-0.0181688591837883,-0.0049823299050331,-0.0022643774282187,standing
1761225036032053200,-0.0692980474307201,0.1021267877832055,-0.1226286008030176,-0.0011374122695997,-0.0122258607298135,-0.002108582528308,standing
1761225036042067000,-0.0490483094758354,0.0986465444520115,-0.0765635997205972,0.012709017843008,-0.0170519575476646,0.0030587874352931,standing
1761225036052082200,-0.0421510425090789,0.0996685809761285,-0.095797877022624,0.0259534511715173,-0.0170077495276927,0.0074982768855988,standing
1761225036062096100,-0.0191890133881941,0.0672404755800962,-0.0466729038476943,0.0343747772276401,-0.0119030866771936,0.0072508305311203,standing
1761225036072110000,-0.0128253966404125,0.0609884294480085,-0.0294300926238298,0.0338400118052959,-0.0016957223415374,0.0036361224483698,standing
1761225036082125300,-0.0382992076528258,0.02152209597826,0.0160083009928464,0.0323786847293376,-0.007540273014456,-0.0019714273512363,standing
1761225036092139300,-0.0480817659986205,0.0022287819653749,0.0857657278299331,0.0338889621198177,-0.0008104648441076,-0.0111002102494239,standing
1761225036102153000,-0.0395394169722683,0.015427286234498,0.0726677613258361,0.028640042990446,0.0069165667518973,-0.0171488840132951,standing
1761225036112168200,-0.0319943901538848,-0.0021574702948331,0.1030821888118982,0.0242756567895412,0.0028608385473489,-0.0239620488137006,standing
1761225036122182100,-0.0375590750763192,0.0217386613383889,0.1396083771765232,0.0174413584172725,-0.000112522393465,-0.0293157678097486,standing
1761225036132196000,-0.0192813495804555,0.0282461435362696,0.1488420694679021,0.013676980510354,-0.0049325777217745,-0.0236309822648763,standing
1761225036142211000,0.0449380611454136,0.0205693252980709,0.1805114654511213,0.0097587909549474,-0.0026820488274097,-0.0132274460047483,standing
1761225036152225000,0.1118410483994521,0.0162713358432054,0.1668827530711889,0.0115140806883573,-1.08983367681e-05,0.0017658846918493,standing
1761225036162239000,0.1196442512299865,0.0161339731991291,0.1483341199457645,0.0045295590534806,0.0063497186638414,0.0151050891727209,standing
1761225036172254200,0.1168894726291298,0.0194344760492444,0.1632300757825374,-0.0090765310451388,0.0016910510603338,0.0241619683802127,standing
1761225036182268200,0.0998488694464787,0.0385118092238903,0.1807896978706121,-0.0295883622020483,-0.0101924426853656,0.0362854786217212,standing
1761225036192282000,0.0493490459880791,0.0595487520337104,0.1545055020570755,-0.0397445894777774,-0.0138385761529207,0.0341914370656013,standing
1761225036202297000,-0.0360652015230618,0.0785877990245819,0.1495662920892238,-0.0348845608532428,-0.0164441857486963,0.022986251860857,standing
1761225036212311000,-0.0851083781660534,0.0911637874811887,0.1376689335465431,-0.0399400405585765,-0.0115498285740613,0.0099322330206632,standing
1761225036222325000,-0.1070745463836938,0.1036553125247359,0.1165115792274475,-0.045398510992527,-0.008775059133768,-0.0103450734168291,standing
1761225036232340200,-0.1052203698843717,0.0830918324455618,0.1274146660357713,-0.0511959455907344,-0.0067084459587931,-0.020926609635353,standing
1761225036242354200,-0.0468164039716124,0.0297591784477233,0.0697685327529907,-0.0514499805867672,-0.0041190246120095,-0.0207704845815897,standing
1761225036252368100,-0.0168548530858941,0.0187114224717021,-0.017335165682435,-0.0465162098407745,0.0119299832731485,-0.0158172715455293,standing
1761225036262383000,-0.05526011492908,0.0057107788622379,-0.0683189184665679,-0.0431445688009262,0.024989441037178,-0.0078564807772636,standing
1761225036272397000,0.0330851262663491,0.0396346757739782,-0.066216977751255,-0.0386669971048831,0.0193059891462326,-0.0010875242296606,standing
1761225036282411000,-0.068934803608898,-0.0827004950404167,-0.0371510422646999,-0.0220761038362979,0.0386456847190856,0.005593379959464,standing
1761225036292426000,0.0587384402978233,0.1009723570510745,-0.1812140607625245,-0.0056550521403551,0.0451909340918064,0.0204660706222057,standing
1761225036302440200,0.0920837884029373,0.1389031515166163,-0.1150748244225978,0.0143328234553337,0.0350021906197071,0.0164950266480445,standing
1761225036312454100,-0.0260197909899987,0.0475347813740372,-0.1109977842420339,0.0375228337943553,0.0250925701111555,0.0082323048263788,standing
1761225036322469000,0.0151494922064244,0.0665127458274364,-0.0688151775509119,0.0556651875376701,0.0016984408721327,0.0108202323317527,standing
1761225036332483000,0.0469771292249672,0.0967749053612351,0.0610784458190202,0.0677602067589759,-0.0230167582631111,0.005421738140285,standing
1761225036342497000,0.0271290856724604,0.0649862669125199,0.2078857945889234,0.0580252856016159,-0.0433140397071838,0.0023268789518624,standing
1761225036352512000,0.021836769684311,0.0354936304464936,0.3504582822680473,0.0220137536525726,-0.0415451675653457,-0.0069220131263136,standing
1761225036362526200,0.0266069614944979,-0.0026987375646829,0.4974094234228134,-0.0261091645807027,-0.0491405986249446,-0.0143624208867549,standing
1761225036372540200,-0.0171421821272932,-0.0623915742442011,0.5954921965122223,-0.0855855420231819,-0.0388549380004406,-0.0175923034548759,standing
1761225036382555100,-0.0112058143482543,-0.0533963668838143,0.5203431397646665,-0.1328533440828323,-0.0184674970805645,-0.0123590575531125,standing
1761225036392569000,-0.0428844896164722,-0.0851741916775703,0.3787771987795829,-0.1578114330768585,0.0060431724414229,0.0012696690391749,standing
1761225036402584000,-0.0575716980733908,-0.0532709869384765,0.1756003125339746,-0.159766674041748,0.0274360440671443,0.0155811961740255,standing
1761225036412598000,-0.0676534950940869,0.0342576589107513,-0.0163519998639822,-0.1381838917732238,0.025988882407546,0.0300738532096147,standing
1761225036422612200,-0.1463225974602624,0.0952858358472585,-0.168518245318532,-0.0920793935656547,0.0268556326627731,0.027714192867279,standing
1761225036432627200,-0.1948191182722337,0.1502700564444065,-0.3382400212079286,-0.0418652221560478,0.0192397907376289,0.0219953209161758,standing
1761225036442641000,-0.1976134434321895,0.1868243018597364,-0.3591080371916293,0.0025906811933964,0.0127906296402215,0.0068855434656143,standing
1761225036452655000,-0.1954543839684687,0.1812482552930712,-0.3345961117476225,0.036340657621622,-0.0010705916211009,-0.0132764494046568,standing
1761225036462670000,-0.2055507575037889,0.142963825084269,-0.2638210323005914,0.0507557988166809,-0.0106228329241275,-0.0317953042685985,standing
1761225036472684000,-0.1714127429173328,0.1197580138027668,-0.1829991906136274,0.0595871061086654,-0.0080712586641311,-0.0449840798974037,standing
1761225036482698200,-0.1110382989155128,0.0642301878482103,-0.0881944162815809,0.0637402683496475,-0.0070439577102661,-0.0545483939349651,standing
1761225036492713200,-0.0518179203196428,0.0414753352046012,-0.0051519759356975,0.0636630356311798,0.0020848254207521,-0.0610214732587337,standing
1761225036502727000,0.0264843945607543,0.0409989498645067,0.0432458520084619,0.0610892660915851,0.0003724680282175,-0.0610557943582534,standing
1761225036512741000,0.067321504927054,0.0266916075706481,0.1094786118507385,0.0567746795713901,-0.0028105420060455,-0.0483628995716571,standing
1761225036522756000,0.115667182558868,0.0251467162162065,0.1990384712666273,0.044715978205204,-0.0065966290421783,-0.0299499668180942,standing
1761225036532770000,0.1387444538235664,0.0474658077910542,0.251305834120512,0.0283886697143316,-0.0127732995897531,-0.0103549603372812,standing
1761225036542784300,0.1373863354791887,0.0154684950277209,0.2805827820092439,-0.0008808295242488,-0.0084296334534883,0.0071849506348371,standing
1761225036552799200,0.1116600292767398,-0.0090717797279357,0.3047574383229017,-0.0173583403229713,-0.0043699103407561,0.0137480441480875,standing
1761225036562813000,0.0710142950303852,-0.0169724698498845,0.2869873883545398,-0.0388912335038185,-0.0019369013607501,0.0190711356699466,standing
1761225036572827100,0.0300796060411259,-0.0023214286848902,0.2957756749659777,-0.052369225770235,-0.0019456897862255,0.0111351814121007,standing
1761225036582842000,-0.069320186197292,-0.0120943424195051,0.2450502808570861,-0.0666647180914878,0.0137266078963875,0.0042717857286334,standing
1761225036592856000,-0.0470505963199771,0.040034196485579,0.149709499952197,-0.074464313685894,0.0209869183599948,-0.000988224055618,standing
1761225036602870300,-0.085429846939072,0.0354836935743689,0.1152308917671442,-0.0788240581750869,0.0159244071692228,-0.0083583565428853,standing
1761225036612885200,-0.0716483003512956,0.0722547966107726,0.0392968221217393,-0.0663623288273811,0.0145073384046554,-0.0112390983849763,standing
1761225036622899000,-0.0521487597092054,0.1071712116912007,-0.0328542218536138,-0.0526851192116737,0.0138924308121204,-0.0101756658405065,standing
1761225036632913200,-0.0243706355434842,0.0964826444163918,-0.0744482150018215,-0.0320994108915329,-0.0006910394877195,-0.0115069802850484,standing
1761225036642928000,0.0226150788467377,0.103996381047368,-0.0382370839357376,-0.0198303665965795,0.0084660658612847,-0.0087372241541743,standing
1761225036652942000,-0.0111198530978523,0.0762467888563871,-0.0769487996459007,-0.0139580955728888,0.0238948240876197,0.0013494987506419,standing
1761225036662956300,-0.0713678577084094,0.0571104189708828,-0.0950607949197292,-0.0162019282579422,0.0200171023607254,0.0003873989917337,standing
1761225036672971300,-0.0320749811094254,0.0532771244183182,-0.0833913999140262,-0.0095773162320256,0.0095066707581281,-0.0026427456177771,standing
1761225036682985000,-0.0644381315104663,0.0484182862102985,-0.1016273138284683,0.0014455553609877,-0.0045361295342445,-0.0097058853134512,standing
1761225036692999200,-0.0781638745240867,0.0359083487272262,-0.1041787518769502,0.015451917424798,-0.0076714698225259,-0.0189750175923109,standing
1761225036703014100,-0.105386465432588,0.0464785503193736,-0.0818032539397478,0.0300022829324007,-0.0227451585233211,-0.0306398626416921,standing
1761225036713028000,-0.0886888122024014,0.0300219210371375,0.0003606500059366,0.0375629998743534,-0.0354662761092186,-0.0343206189572811,standing
1761225036723042300,-0.0668291183002293,0.072848963111639,0.0469827004492282,0.0410544425249099,-0.029223334044218,-0.0314122140407562,standing
1761225036733057300,-0.0677056636727415,0.0395771003678441,0.0768622904062271,0.0304079223424196,-0.0140180131420493,-0.0353132113814353,standing
1761225036743071200,-0.0643650662742555,-0.032357670508325,0.1053185695618391,0.0235218778252601,-0.0192073229700326,-0.0272629056125879,standing
1761225036753085200,0.0230863678866066,0.0368085124373435,0.1884615476727485,0.0120079657062888,-0.0093208700418472,-0.0204068627208471,standing
1761225036763100200,0.0088274130454286,0.0457005516842007,0.1752653814911842,0.0060388213023543,0.0007561782840639,-0.0160758644342422,standing
1761225036773114000,-0.0349368916128762,0.0201478850156068,0.1970849991112947,-0.0021626492962241,-0.001842001453042,-0.0140326870605349,standing
1761225036783128300,-0.034007666205056,0.08266630050987,0.2171265011429786,-0.0151684302836656,-0.0030443868599832,-0.0132456589490175,standing
1761225036793143300,-0.0152478014817461,0.093748251016438,0.225238495928049,-0.0231509897857904,0.0033788913860917,-0.0144962798804044,standing
1761225036803157200,0.0119215066032484,0.0851917273342609,0.1545464185893535,-0.0297651942819356,0.0131268072873353,-0.0107383588328957,standing
1761225036813172200,0.0629505963664501,0.0755322108462452,0.1288473291873932,-0.0306208673864603,0.0044076177291572,-0.0055172313004732,standing
1761225036823186200,0.0648013387996703,0.0808063518568873,0.0997428152561187,-0.0254304055124521,0.0008866884745657,0.0004237820394337,standing
1761225036833200000,0.054044017137587,0.1042082702323794,0.0537947185516357,-0.0302001275122165,-0.0014430447481572,0.0016791962552815,standing
1761225036843215000,0.0135676846413873,0.074223466335237,0.0824871445506811,-0.0398666858673095,-0.0023244796320796,-0.0019972308073192,standing
1761225036853229300,-0.001339504975453,0.046716450728476,0.0577028319060802,-0.0511949732899665,-0.0094516314566135,-0.0071065053343772,standing
1761225036863243000,-0.0126246864365413,0.0200888483047485,0.0753530548870563,-0.0477968044579029,-0.0212395284324884,-0.0068734134547412,standing
1761225036873258200,-0.0108556126710958,0.0279909997314214,0.063262804120779,-0.0471248887479305,-0.0306029357016086,-0.0063852560706436,standing
1761225036883272200,0.0017868834167718,0.0144292151078581,0.0584872602820396,-0.035643670707941,-0.0343391746282577,-0.0050572361797094,standing
1761225036893286100,0.0054367111612111,0.0263712895750999,0.0164244805783033,-0.0288550052791833,-0.0218058042228221,-0.0011839347425848,standing
1761225036903301000,-0.0272298791658133,0.017874094864726,-0.0090618428558111,-0.0221361815929412,-0.011029502376914,0.0004449535626918,standing
1761225036913315300,-0.0704069950533099,0.032443595226109,-0.0116764092683792,-0.0139248557388782,0.010356480255723,0.0045531457290053,standing
1761225036923329000,-0.1185346642865799,0.0876724382340908,-0.0182534495711326,-0.0082881767302751,0.032326441258192,0.0030990252271294,standing
1761225036933344000,-0.1526746333681047,0.0928758520960807,-0.0278173967301845,0.0015908200293779,0.036985907703638,-0.0083216745406389,standing
1761225036943358200,-0.1373740787858143,0.0541688125610351,-0.0378571447074413,0.0196457020938396,0.0421622768044471,-0.0109068369492888,standing
1761225036953372200,-0.0694306425681337,0.0863455735445022,-0.0404921693861484,0.0329796187579631,0.0224812496453523,-0.009892439469695,standing
1761225036963387100,0.0194977140111848,0.0899561652570962,-0.030582185268402,0.0395829007029533,0.0143876895308494,-0.0080092530697584,standing
1761225036973401300,-0.0003083900957368,0.0288256969898939,-0.0713251145452261,0.0528784655034542,0.0141581241041421,-0.0053247860632836,standing
1761225036983415000,0.02896229244899,0.0234752758726477,-0.0280734173178672,0.0518164448440074,-0.0061603016220033,-0.0034034468699246,standing
1761225036993430000,0.0679114519105292,0.0291916076928377,0.1025385834544897,0.0507951229810714,-0.0291963797062635,-0.0001416068989783,standing
1761225037003444200,0.0445454450986348,0.0167073891729116,0.1926537386655807,0.0370398722589015,-0.032873086631298,0.0011098780669271,standing
1761225037013458200,0.0327821795307099,-0.0375496861934661,0.2633119137346744,0.0149343032389879,-0.0476030297577381,0.0029053811449557,standing
1761225037023473200,0.0430974565137177,-0.045761634221673,0.3423252446949482,-0.0177750438451766,-0.0402986854314804,0.0064067072235047,standing
1761225037033487400,-0.0181990707690827,-0.0429632356747984,0.3227460994780063,-0.0475582368671894,-0.0279464125633239,0.0084141977131366,standing
1761225037043501000,-0.0800348377614282,-0.062706923803687,0.2945166148155927,-0.0680990442633628,-0.004947695415467,0.0063685881905257,standing
1761225037053516000,-0.1132800316940061,0.0118348147004842,0.2085153246641159,-0.0810273587703704,0.0113793462514877,0.001561049837619,standing
1761225037063530200,-0.1459585864534601,0.0470581037729978,0.1065910737156868,-0.0784866139292717,0.0211175866425037,-0.0043084556236863,standing
1761225037073544200,-0.1183270311515778,0.0517801638588309,-0.0069277534365653,-0.0599390342831611,0.0161526557058095,-0.0118337497115135,standing
1761225037083559200,-0.0971449259837158,0.1007370869904756,-0.1035188266634941,-0.0261583924293518,0.0122702633962035,-0.0152868367731571,standing
1761225037093573400,-0.0605539104882627,0.1487321793526411,-0.1969189948946237,0.0114198755472898,0.0030642487108707,-0.0161840561777353,standing
1761225037103587000,-0.0305382730614393,0.1122436926499009,-0.1712929707288742,0.0355711951851844,-0.0067032859660685,-0.0165026728063821,standing
1761225037113602000,-0.0338393969660624,0.0919897169113159,-0.1811345657855272,0.0451010540127754,0.0067022675648331,-0.0172954965382814,standing
1761225037123616300,-0.0268209695713594,0.062503802447021,-0.1687695897310972,0.0577707812190055,0.0045274603180587,-0.0163879878818988,standing
1761225037133630200,-0.0201322855876758,0.0677221216171979,-0.080206340137124,0.0671554952859878,0.0109331607818603,-0.0118768597021698,standing
1761225037143645200,-0.0009830196879804,0.0709925215899944,-0.0182066878199577,0.0630155056715011,0.0083723897114396,-0.0136549193412065,standing
1761225037153659100,-0.0018779044347815,0.0507481904625892,0.1180757598042488,0.0430316776037216,0.0047057494521141,-0.0121837891638278,standing
1761225037163673000,-0.0054769153074361,0.0866626766696572,0.2718681451559067,0.0137334614992141,0.0007435155566781,-0.0148983169347047,standing
1761225037173688000,-0.0042021643975749,0.0694870854631066,0.296226341342926,-0.0128832347691059,0.0006561637856066,-0.017587311565876,standing
1761225037183702300,0.0173987872368656,0.0573100331962108,0.3096440413206816,-0.0324875973165035,0.0148230828344821,-0.0128722488880157,standing
1761225037193716200,0.0469897695108316,0.0658937371462583,0.2527916887640953,-0.0374309569597244,0.0127969495952129,-0.0066785356029868,standing
1761225037203731200,0.0436214621215127,0.0345414442881941,0.2235422134041786,-0.0433144979178905,0.0032440642826259,-0.0043427781201899,standing
1761225037213745200,0.0422243269409984,0.0899088189840316,0.1995662945330142,-0.0494546815752983,-0.0063180159777402,0.0003180198837071,standing
1761225037223759000,0.0141283872640691,0.0716214671432971,0.194471601742506,-0.054827407002449,-0.0135508067905902,-0.0025309303309768,standing
1761225037233774000,-0.0324176753335632,0.0773237704381346,0.1508054784953594,-0.0723422169685363,-0.0230281967669725,0.0013439689064398,standing
1761225037243788300,-0.1030733113856986,0.1391381293162703,0.1352215403944253,-0.1021957248449325,-0.0336427576839923,-0.0252777896821498,standing
1761225037253802200,-0.2583934177612885,0.1076870522588491,0.0321183087944984,-0.0991698428988456,-0.0220193918794393,-0.0664989948272705,standing
1761225037263817200,-0.3532777236029505,0.1743944438755512,-0.1082844336301088,-0.0537344552576541,0.0262266136705875,-0.098520703613758,standing
1761225037273831200,-0.3928736017365008,0.2821680053740739,-0.2534872698128223,0.0100258802995085,0.0640618801116943,-0.1301145851612091,standing
1761225037283845000,-0.368354442834109,0.2431917935088276,-0.2612871299088001,0.0686291977763176,0.0878022536635398,-0.1525848060846328,standing
1761225037293860000,-0.2479650723252445,0.2173018577098846,-0.2242377944529056,0.1130195707082748,0.08683792501688,-0.1662090122699737,standing
1761225037303874300,-0.1078031529191881,0.1787003243759274,-0.1291466043949127,0.1352112591266632,0.0675288140773773,-0.1724324077367782,standing
1761225037313888300,-0.0550359325180761,0.0909963219597935,0.0257674784630537,0.1236510127782821,0.0354185476899147,-0.1739634722471237,standing
1761225037323903200,0.0281359976926818,0.0091603347942233,0.2021492967635393,0.1063002943992614,0.0186897981911897,-0.1641072332859039,standing
1761225037333917200,0.1574433090746402,-0.062401218855381,0.1932639795184135,0.0805145055055618,0.0349103137850761,-0.1299450099468231,standing
1761225037343931100,0.2753644080401398,-0.1504512582302093,0.2318389171063899,0.0333792716264724,0.0371961556375026,-0.0881801545619964,standing
1761225037353946000,0.3692658585906028,-0.2430164369419217,0.3433978423625231,-0.015780285000801,0.0408739782869815,-0.0409718975424766,standing
1761225037363960300,0.430961851786077,-0.2439917117148637,0.3788309747934341,-0.0592004023492336,0.0422169230878353,0.0060956478118896,standing
1761225037373974300,0.4216086613008752,-0.2454930561885237,0.3960989204585552,-0.0916523486375808,0.0428417026996612,0.0377025790512561,standing
1761225037383989200,0.3237269272089004,-0.1980360162258148,0.3744219261795282,-0.1210046410560607,0.0331807471811771,0.0600759610533714,standing
1761225037394003200,0.2568895708032883,-0.1015951651245355,0.3214274180948734,-0.1389079988002777,0.0351373702287673,0.0780882462859153,standing
1761225037404017200,0.208738557227049,-0.0948217254668474,0.2187555636495351,-0.1430505216121673,0.0185248740017414,0.089445099234581,standing
1761225037414032100,0.1616614382263272,-0.0923676103129982,0.1509089388698339,-0.1414616703987121,-6.21262006461e-05,0.0981634855270385,standing
1761225037424046300,0.1483249137260019,-0.038469431386888,0.0887310073763132,-0.122590348124504,0.0080979242920875,0.1117489337921142,standing
1761225037434060300,0.1412979376986622,-0.0458069346681237,-0.0645452451467514,-0.0894755423069,0.041146419942379,0.1248812526464462,standing
1761225037444075000,0.1233888080531731,-0.0569718872830271,-0.1160749413758516,-0.0680558979511261,0.0475522652268409,0.1343862116336822,standing
1761225037454089200,0.0617828129624016,0.0143459207385778,-0.0460053798496723,-0.069225825369358,0.0353920049965381,0.1262127012014389,standing
1761225037464103200,-0.0111317444650456,0.0331479441031813,-0.0095177699297666,-0.0694307908415794,0.0247102081775665,0.1193466708064079,standing
1761225037474118100,-0.1507851663596928,0.0714171767428517,-0.0276291806817054,-0.058119811117649,0.0257107578217983,0.1134195402264595,standing
1761225037484132400,-0.2086448145289905,0.1148562132358551,-0.0222094937205314,-0.0353720113635063,0.0446131825447082,0.0977804958820343,standing
1761225037494146000,-0.241095497083012,0.1871697542965412,-0.0459744001895189,-0.0024380283430218,0.0674865394830703,0.0546524636447429,standing
1761225037504161000,-0.2748732452560216,0.1795508037254214,-0.054096331846714,0.0232681110501289,0.0662498176097869,0.0137932486832141,standing
1761225037514175200,-0.2172190930635668,0.206019708456099,0.0367190805882215,0.03017901442945,0.0671057626605033,-0.0079320203512907,standing
1761225037524189200,-0.1731126239040866,0.1984209238901734,0.0870177737176418,0.030218631029129,0.0665580406785011,-0.0182708445936441,standing
1761225037534204200,-0.1015162546694278,0.1555836526826024,0.1657575484335422,0.018441867083311,0.0602490082383155,-0.0091785471886396,standing
1761225037544218400,0.0299932611982338,0.1702680115953087,0.2167828022718429,-0.0041333176195621,0.0453468821942806,0.0072418381460011,standing
1761225037554232000,0.0809382711408659,0.1324403852432966,0.2809697355002165,-0.0380294993519783,0.0270400494337081,0.0156470406800508,standing
1761225037564247000,0.027415903257206,0.1218549860820174,0.2344189967274665,-0.0620039887726306,0.0296567268669605,0.0157289002090692,standing
1761225037574261200,-0.0365567661659792,0.1598547541305422,0.2114694982945918,-0.0796764642000198,0.0279666855931282,0.0177449136972427,standing
1761225037584275200,-0.0731060431452468,0.1327004974842071,0.2127835035026073,-0.0908882468938827,0.0503079108893871,0.0298577696084976,standing
1761225037594290200,-0.0227295720718801,0.0739738754883408,0.1662386099487543,-0.1068741381168365,0.0804775357246398,0.0403133369982242,standing
1761225037604304400,0.0413655912198126,-0.0094128482505679,0.1343716455668211,-0.1254006177186966,0.0975207984447479,0.0603371784090995,standing
1761225037614318000,0.1005029129084199,-0.0599640548363328,0.1000882676929235,-0.1233233585953712,0.1097697466611862,0.0910458266735076,standing
1761225037624333000,0.1919065370274707,-0.1023062360033392,-0.0509890134811401,-0.0977550894021987,0.113457404077053,0.1297777742147445,standing
1761225037634347300,0.1769367487695068,-0.1617132414788007,-0.1813970161139965,-0.0462546125054359,0.1261795908212661,0.1595407277345657,standing
1761225037644361200,0.0994827760804444,-0.1800581687256693,-0.2883949170649051,0.0105793178081512,0.0989043116569519,0.1475834101438522,standing
1761225037654376200,-0.0725736167689785,-0.2813888376951217,-0.1441197171211242,0.0499405711889267,0.1087383031845092,0.147989273071289,standing
1761225037664390400,0.0368599138310179,-0.066448156158626,-0.1768219632834196,0.09102114289999,0.0973773077130317,0.1569250375032425,standing
1761225037674404000,0.0473426198028028,-0.0414157139718532,0.0085281743705272,0.10072623193264,0.0685517862439155,0.1399825364351272,standing
1761225037684419000,-0.2312613729467615,0.0251847101390361,0.0724631786644458,0.1139107644557952,0.0901023000478744,0.1274690777063369,standing
1761225037694433300,-0.2885202970102429,0.0055649406507611,0.0925824221074581,0.0895484313368797,0.0647732391953468,0.0934631824493408,standing
1761225037704447200,-0.4004807157393544,0.0382148721039295,0.3014005291104316,0.0491317696869373,0.0594128295779228,0.0563333854079246,standing
1761225037714462200,-0.3507478763317689,0.2066901550635695,0.1917465606927871,-0.0035770207177847,0.0529931969940662,0.029773112386465,standing
1761225037724476400,-0.3132399834534153,0.2011456726789474,0.2260667634457349,-0.0579150766134262,0.0468504875898361,0.0026678261347115,standing
1761225037734490400,-0.3535952651195228,0.1022793479964137,0.1581938351809978,-0.0881099998950958,0.0458318293094635,-0.0108450530096888,standing
1761225037744505300,-0.2267535401334986,0.0717237584739923,0.0181809688568115,-0.0780894383788108,0.0530335865914821,2.54402402788e-05,standing
1761225037754519300,0.0008319938447326,0.0616518617928028,-0.1666395919650793,-0.029406052082777,0.0722839757800102,0.0217698849737644,standing
1761225037764533200,0.1209858750972896,0.0809077664047479,-0.3262187440246343,0.0246628280729055,0.0746539831161499,0.0460801161825656,standing
1761225037774548200,0.0487231509083882,0.0667015463978052,-0.2939998974651098,0.075937733054161,0.0429335981607437,0.0560669675469398,standing
1761225037784562400,0.0281751971919089,0.1263788932472467,-0.1772995176672935,0.0998427793383598,0.0392645448446273,0.0509171821177005,standing
1761225037794576400,-0.1035444360287859,0.1099909452870488,-0.1897200233012437,0.0945340320467948,0.0389564149081707,0.0414813347160816,standing
1761225037804591400,-0.1078989049112424,0.106420977845788,-0.0784732327342033,0.089140273630619,0.0291052050888538,0.0282822754234075,standing
1761225037814605300,-0.1039577660700306,0.1219412030607461,-0.0081447280108928,0.0834704041481018,0.0230398550629615,0.0044887959957122,standing
1761225037824619300,-0.101567619530484,0.0711810298994183,0.0403746804863214,0.0734858289361,0.0167797431349754,-0.0158381145447492,standing
1761225037834634200,-0.0430252315277233,0.0246253226906061,0.090290511777997,0.0623929575085639,0.0275144129991531,-0.0260244384407997,standing
1761225037844648400,-0.0142783719277009,0.0200137372419238,0.0863753841608762,0.0573633573949337,0.0309570468962192,-0.0286370329558849,standing
1761225037854662400,0.0114051180463284,0.0137435709312558,0.1666647264063358,0.0574597641825675,0.0167248472571373,-0.0233629085123538,standing
1761225037864677400,0.0939857495667412,0.079167644739151,0.1951338650435209,0.0475672669708728,0.0136733278632164,-0.0141202099621295,standing
1761225037874691300,0.0697429599203169,0.0870356016352772,0.2036544406294822,0.0403564907610416,0.019936017692089,-0.0053916983306407,standing
1761225037884705300,0.0393165132028982,0.0480883236035704,0.2510083124786615,0.0227243546396493,0.0027488595806062,0.0059433141723275,standing
1761225037894720300,0.0458366356866434,0.0511176082968711,0.3043587943941354,0.0027501138392835,0.0181123688817024,0.0180013086646795,standing
1761225037904734500,0.0433493854481726,0.065855158701539,0.1852618748486041,-0.0227548368275165,0.031023746356368,0.022056870162487,standing
1761225037914748400,0.0109632194977253,0.0097621000796556,0.1903133130192756,-0.0394126437604427,0.0327071323990821,0.0210821535438299,standing
1761225037924763400,-0.017517463446781,0.0358738619357347,0.119871411049366,-0.0371022298932075,0.0393830388784408,0.0158449467271566,standing
1761225037934777300,-0.0889002629959955,0.0731821405887603,0.0138876555770635,-0.0151686985045671,0.0540887452661991,0.01217857375741,standing
1761225037944791300,-0.0785810770228505,0.0713905809968709,-0.105902506929636,0.0133733199909329,0.0614064745604991,0.0059754382818937,standing
1761225037954805200,0.0017898425588384,0.0423401353403925,-0.127217682158947,0.0353593118488788,0.0441470593214035,0.0030773866456001,standing
1761225037964820500,0.0691283351533114,0.0344134339943528,-0.1113420676350593,0.0613888017833232,0.0240864772349596,0.0087490547448396,standing
1761225037974834400,0.0754401121160015,0.0449736987143754,-0.0911971052289009,0.0807798132300376,0.0125890783965587,0.009957330301404,standing
1761225037984848400,0.0330217969728633,0.0481833084106445,-0.0325333193361759,0.0890690237283706,0.0138355987146496,0.0161360297352075,standing
1761225037994863400,0.0158249437825754,0.0276455472946167,0.060601475957036,0.0856412649154663,0.0166785232722759,0.0158414840698242,standing
1761225038004877300,-0.0399594872815534,0.0181651867657899,0.1215092413842678,0.0622364431619644,0.0229786373674869,0.0161119289696216,standing
1761225038014891300,-0.038563356748037,0.021688100194931,0.1529582726150751,0.0473006404936313,0.0178232919424772,0.013588317669928,standing
1761225038024906500,-0.0287513165794312,0.0333431744143366,0.1644967347174882,0.030906630679965,0.0299535635858774,0.0101968813687562,standing
1761225038034920400,-0.0418589642273262,0.0224698982223868,0.1112111347317695,0.0265036262571811,0.0328912958502769,-0.0020123799331486,standing
1761225038044934400,-0.0824270849265158,0.0288204362928867,0.1280067867100238,0.0236767418682575,0.0190588217228651,-0.0204907227307558,standing
1761225038054949400,-0.0787817141614854,0.0929597309872508,0.1216372516781091,0.0217542052268981,0.0240394659340381,-0.0328776165843009,standing
1761225038064963300,-0.0827500332705676,0.0916822583973407,0.0350812502533197,0.0178988762199878,0.0049238000065088,-0.0359122902154922,standing
1761225038074977300,-0.0026078444108366,0.0321624401971697,0.0760229169726371,0.0041598947718739,-0.0050555965863168,-0.0230353735387325,standing
1761225038084992500,0.0944559243617579,0.0628057080030441,0.0654904170423746,0.0065467022359371,-0.0040844110772013,-0.0120014306157827,standing
1761225038095006200,0.0404337171971797,0.0464890717133879,0.0725087713718414,0.0305670835077762,0.0218185596168041,-0.0037203314714133,standing
1761225038105020200,-0.074757902005501,0.122293962021172,0.0105786771595478,0.1408363580703735,0.1302996426820755,-0.0006378563120961,standing
1761225038115035400,-0.2371790725579485,0.2506263274237513,-0.2781277900725603,0.2457374781370163,0.1691863238811493,-0.029180284589529,standing
1761225038125049300,-0.2241895348643884,0.3390846553385258,0.1468389129519462,0.207401841878891,0.0622505769133567,-0.0701873451471328,standing
1761225038135063300,-0.0939533451344817,0.221941207948327,0.6866963160037994,0.0767775177955627,-0.0276622660458087,-0.076247364282608,standing
1761225038145078500,0.0463840039037168,0.007627718399465,0.7371539990872145,-0.0834405273199081,-0.0439585223793983,-0.0549586862325668,standing
1761225038155092200,0.2252119367146864,-0.1344230834931135,0.7345908706009388,-0.2135572582483291,-0.0424080267548561,-0.0417973436415195,standing
1761225038165106200,0.2302081010341644,-0.2155246189042925,0.6036328328698873,-0.2876825630664825,-0.0185757800936698,-0.0452366843819618,standing
1761225038175121400,0.1735224468139931,-0.1356350896313786,0.2830179002016783,-0.296428918838501,-0.0310524236410856,-0.0631176754832267,standing
1761225038185135400,0.1203976999457925,-0.066382981967926,-0.0179477446228265,-0.2506426572799682,-0.0503468662500381,-0.0396524034440517,standing
