timestamp,acc_x,acc_y,acc_z,gyr_x,gyr_y,gyr_z,activity
1761227144471601200,0.0157459237296134,0.008576616622135,0.0623129560500383,0.0011149819474667,0.0024807041045278,-0.0003804921871051,still
1761227144481615000,-0.0069968731500208,0.0066785644484683,0.0539420180678367,0.003052165498957,-0.0006554345600306,-0.0008579968707635,still
1761227144491629000,-0.0168954590909183,0.0045519276833161,0.0427174442201852,0.0052406131289899,0.0013502608053386,-0.0006940125022083,still
1761227144501642200,-0.0341202597340568,0.0059804991817101,0.0624736995697021,0.0013870191760361,0.0002951165661215,0.0009012208902277,still
1761227144511656000,-0.0289795175784267,0.0031394670695066,0.0690530779600143,-0.0013713453663513,-0.0015793605707585,-0.0018535108538344,still
1761227144521669000,-0.0117749194731004,0.0066706003377214,0.0629185207277536,0.0005791538860648,-0.0013497960753738,-0.0020782817155122,still
1761227144531683300,-0.0104652068477123,0.0020544117791578,0.0578261660248041,0.0023643274325877,0.0018549689557403,-0.0010138596408069,still
1761227144541697300,-0.0114868232467211,0.0082497227553278,0.0605149667173624,-0.0014125676825642,0.0014480378013104,-0.0026112236082553,still
1761227144551710200,-0.0184808833851479,0.0047491307558491,0.0515326188385486,0.0017959000542759,9.4436109066e-06,-0.0022284612059593,still
1761227144561724200,-0.0208942098708823,0.0059775400396436,0.0723234779328107,-0.0029751528054475,-0.0015455763787031,0.0014174063690006,still
1761227144571737000,0.0165881467074155,-0.007352883513458,0.0901204159080982,0.0030831245239824,0.0004346424248069,0.0011401278898119,still
1761227144581751000,0.0062627136565744,-0.0158932232458144,0.0685544807881116,0.0022705940064042,3.5700853914e-05,0.0010083012748509,still
1761227144591765200,-0.0025443872531875,0.0013117036530748,0.0633048896968364,0.0022643443662673,0.0011478380765765,-0.0003160645719617,still
1761227144601778200,0.0074793229047209,0.0063514148533344,0.0544610735058784,0.002166606253013,-0.0010838909074664,0.0003345457371324,still
1761227144611792100,0.0272500086383894,0.0121270025800913,0.0716623836755752,0.0038716697599738,0.0002047698944807,0.0017580472631379,still
1761227144621806000,0.0299138392864726,0.0023194193908944,0.0709124420911073,-0.001081543508917,0.0018202431965619,0.0001508295536041,still
1761227144631819300,0.048149881065078,-0.0197530039465054,0.0646855304002761,0.001445312751457,0.0015602039638906,0.0001694153761491,still
1761227144641833000,0.0503923079633154,-0.0137335244612768,0.0610585720747709,0.0002381019294261,0.0011372938752174,-0.0014306117082014,still
1761227144651846100,0.0208063854569569,0.0056265346448868,0.0577121842563152,0.0018116487190127,-0.0005637374706566,-0.001130566233769,still
1761227144661860400,-0.0068672371546737,0.0036941418102011,0.0582289016067981,9.73718706518e-05,-0.0010351170785725,-0.0007270972710102,still
1761227144671873000,-0.0002484035368077,0.0089147990679368,0.0902951879531145,-9.57427546381e-05,0.0008705160580575,0.0007929545827209,still
1761227144681887200,0.0101060181464999,0.0001201192483305,0.0690267744749784,-0.0013317157281562,0.0006928830407559,-0.0005266418447718,still
1761227144691901200,-0.0177228680920787,0.0142723075130954,0.0543874237477779,-0.0008152616210281,-0.0021325210109353,0.0012698520440608,still
1761227144701914000,-0.0179366204406134,0.0023879911150783,0.0498275684863328,0.0015562830958515,0.000433700857684,-0.000199413858354,still
1761227144711928000,-0.0433363798361271,0.009040690469928,0.0388987627148628,0.0019025995861738,0.0008233964908868,0.0021516226697713,still
1761227144721942300,-0.042646315212734,0.0018291151233017,0.0549193386673927,0.0016091188881546,-0.0007366831414401,0.0006714377086609,still
1761227144731955000,-0.0223172649439424,7.13482031598e-05,0.0627133535444736,0.0012340003158897,-0.0012109959498047,-0.0029262935277074,still
1761227144741969200,-0.0391671313274651,0.0215246532615274,0.0691249741524457,-0.0004046426620334,0.0012012952938675,2.39561777561e-05,still
1761227144751982300,-0.0192252354790456,0.0099971509445458,0.0649310295939445,0.0015295883640646,0.0003979853354394,0.0012873555533587,still
1761227144761996500,-0.007892141489312,0.0036003260469064,0.0550514406144619,-0.0022217403165996,0.0018400871194899,0.0008663098560646,still
1761227144772010500,0.0036104821147397,0.0049110067866742,0.0665741206258535,0.002616460667923,-0.0004118215292692,-0.0017654853872954,still
1761227144782023400,0.0008136727367527,0.0137594991527497,0.070444824579358,0.0012561178300529,0.0006686230190098,0.0011528066825121,still
1761227144792037400,0.0059429984492249,-0.0063209831824526,0.064251230636239,0.0023765645455569,0.0009055910632014,0.0005680519388988,still
1761227144802050600,0.0183020744858309,0.0055543096588924,0.0653472091794014,-0.0005220198072493,0.0012078597210347,-0.0002569954376667,still
1761227144812064500,0.026224391917698,0.0071036214601248,0.0588806435137987,0.0006859065033495,0.0020836261101067,-0.0011464244453236,still
1761227144822078500,0.0184881533761508,0.0128518097233027,0.0693558602988719,0.0005418295040726,0.0023259739391505,-0.0004793024854734,still
1761227144832091600,0.0208094176642596,0.0107968134222552,0.0716004243552684,0.0018372233025729,-0.0001313020475208,0.0004066575784236,still
1761227144842105600,0.0063811706707812,-0.0027098800132051,0.0763899967193603,0.0004313404206186,0.0015331737231463,-0.0011334484443068,still
1761227144852118500,-0.0059029952323995,0.0014913710689172,0.080148472470045,-0.0002403534017503,0.0011531845666468,-0.0033631040714681,still
1761227144862132500,-0.0078554992733523,0.0195140075588598,0.0511474189132451,5.4991338402e-05,-0.0025480766780674,-0.0004959449870511,still
1761227144872146700,-0.0063482913144864,0.0029276509497314,0.0560766920089721,0.0016555234324187,0.001175015233457,-0.0021267177071422,still
1761227144882159400,-0.0117692021183669,0.0053962330203503,0.0677975249409675,-0.0001458385959267,-0.0003070337697863,-0.0016060697380453,still
1761227144892173600,-0.0208523982894606,0.0037657457416877,0.0780377639263868,-0.0002923056017607,-0.0007748994976282,-0.0006690951995551,still
1761227144902186800,-0.0220847896286286,-0.0006703370096161,0.0625245529741048,-0.0008313294965773,0.0005782525986433,-0.0016352902166545,still
1761227144912200400,-0.0168287322639487,0.0069692544907331,0.0547860676765441,0.0007945906836539,-0.000116657000035,-0.00158966507297,still
1761227144922214400,-0.0059223027210682,0.0041111981784924,0.0495230325818061,0.0034604147076606,-0.001334520522505,0.0023502153344452,still
1761227144932227600,-0.0024493841798044,-0.0036950185930356,0.0619049597710371,0.004972212947905,-0.0001279045827686,0.0007136682979762,still
1761227144942241500,-0.0114522451236844,0.0012491232782602,0.0667079761385917,-0.0052761631086468,-0.0012333830818533,-0.0005955417873337,still
1761227144952254500,-0.0091085132754407,0.0120027186132967,0.0743295570582151,0.0002824601251631,0.0014114195946604,0.0018067668424919,still
1761227144962268700,0.0146194039177149,-0.0033106223853304,0.0559101032704114,0.0002518338151276,2.8735958039e-06,-0.0001362755428999,still
1761227144972282400,0.017918116669543,0.0091560604779049,0.0620195260614156,0.002135565970093,0.0015153100248426,0.0015202495269477,still
1761227144982295600,0.0171010646656155,-0.0097519074792042,0.0582481908291578,0.0020572692155838,-0.0028477469459176,-0.001663559465669,still
1761227144992309500,0.0232742368752136,0.0067160834472626,0.0624316139936447,0.0027386713773012,0.0022749050986021,0.0001794126583263,still
1761227145002322400,0.0310364135756157,0.0039685383047908,0.0714116237848997,-0.0014624651521444,-0.0015446003526449,-0.0008941076230257,still
1761227145012336400,0.0214525013407692,0.0022511399276554,0.0612339286416769,-0.0027856463566422,-0.0001005008816719,0.0005960407434031,still
1761227145022350600,0.003715275929775,-0.0189055568043142,0.058234746825695,-0.0003049117513,-0.0020219716243445,-0.0026508849114179,still
1761227145032363500,0.0112728699687868,-0.0137741852652281,0.0389361721158027,-0.0034236346837133,0.002173971850425,0.000344059895724,still
1761227145042377500,-0.0041706184818409,0.0049967853739857,0.0510726001113653,-0.0002962846774607,0.0010184263810515,0.0009768269956111,still
1761227145052390700,0.0041882272037677,0.0071156406914815,0.0650157852679491,-0.000249114818871,0.0019106124527752,-0.0017481187824159,still
1761227145062404600,-0.0045924606231041,0.0015627923373132,0.0686053341925144,-8.18681437522e-05,-0.0013312534429132,-0.0001414336729794,still
1761227145072418600,-0.0302407514195889,0.0015999825425446,0.0711678781569004,0.0006987075321376,0.0005559127312153,2.6324763894e-05,still
1761227145082431500,-0.0258975345835089,0.0025659780304878,0.0610088877141475,-0.0011924031423404,-0.0010217437520623,6.60058576613e-05,still
1761227145092445700,-0.0184254268708638,0.0021951719567179,0.053685997480154,-0.0010221730917692,0.0011094012297689,0.0016584689728915,still
1761227145102459400,-0.021669724288024,-0.0058960723012685,0.0704383948385715,0.0003690624143928,0.000472106738016,-0.0020371996797621,still
1761227145112472600,-0.0195627055387943,0.0011586685158312,0.0611579407960176,-0.0019846556242555,0.0012361246626824,0.0002237684093415,still
1761227145122486500,-0.0077798767538741,0.0036132585937157,0.0517313562810421,-0.0012576127192005,-0.000172687228769,-0.0027323402464389,still
1761227145132499500,-0.0113441633730195,-0.0029356881257146,0.0737315911650657,-1.18368770927e-05,-0.001829074230045,0.0021696041803807,still
1761227145142513400,0.0020321999473497,-0.0017267141947522,0.0592114829033613,-0.0028483695350587,0.001066847005859,0.0006116549484431,still
1761227145152527600,-0.0002621580675244,-0.0003780395321547,0.0713163467168808,0.003143565962091,0.0016348136123269,0.0007504888344556,still
1761227145162540500,0.0172576252005062,0.0047552682356908,0.063066989287734,-0.0005033670458942,6.6211912781e-05,0.0016040318878367,still
1761227145172554500,0.0303502031434327,-0.0012335603829473,0.0647013124912977,0.0014014206826686,-7.646670565e-05,0.0015051193768158,still
1761227145182567700,0.0305160612296313,-0.0086187021981924,0.0533183332115411,-0.0031797490082681,0.0008604333270341,0.0041147507727146,still
1761227145192581400,0.0348611777618527,-0.0063232482047751,0.080098203587532,0.0022480594925582,0.0034048161469399,0.0010981663363054,still
1761227145202595600,0.0253296898339875,-0.0094473715746775,0.0741144530028104,-0.0019181898096576,-0.0026173898950219,-0.000173759413883,still
1761227145212608500,0.0117610188119113,-0.0104458445601165,0.0712701694875955,0.000805296935141,0.0005279942415654,1.80305214598e-05,still
1761227145222622700,0.0161986724657937,-0.0082154551595449,0.0589917026728391,0.0031858964357525,-0.0002584373578429,0.0010465433588251,still
1761227145232635400,0.009617723172903,-0.0072422262132167,0.0670657035350799,0.0018289946019649,-0.0033801677636802,-0.003697361331433,still
1761227145242649600,-0.0093283665711991,0.0021077494015917,0.0787374366283416,0.0017933081835508,-0.0012131533585488,-0.0008147559128701,still
1761227145252663600,0.0019946626822464,0.0188300804153084,0.0752998633950948,-0.0005416320636868,0.0018387869931757,5.57147432118e-05,still
1761227145262676500,-0.0121239338401705,-0.0136183736490085,0.0646902065753936,-0.0033185102511197,0.0015610193368047,-0.0002984856255352,still
1761227145272690400,-0.0181931890175677,0.0132604270568117,0.0721843617230653,-0.0038654105737805,-0.000181293580681,7.93708022683e-05,still
1761227145282703600,-0.0219165934548713,-0.0028359540782868,0.066198273050785,0.0009205562528222,-0.0004374897107481,0.000660738791339,still
1761227145292717600,-0.0302572276303544,-0.0042238282401114,0.0636480040460825,0.0007559794466942,-0.0002384004183113,2.1253246814e-05,still
1761227145302731500,-0.0242989037478342,0.0026255992632359,0.0596048661351203,0.0002142924349755,-0.0002386667765676,0.0017701510805636,still
1761227145312744700,-0.0144663505141623,-0.0077975950736552,0.0712725075751543,-0.0011508608004078,-0.0022512078285217,0.0029391893185675,still
1761227145322758400,-0.0198862018721178,0.0010500935748219,0.0738175158828496,0.0006068255752325,0.0010862657800316,0.0033122980967164,still
1761227145332771600,-0.0318734123890288,-0.0013579539475962,0.059752750173211,0.0038945970591157,0.0002833511680364,-8.02658032625e-05,still
1761227145342785500,0.008218615231011,0.011590740278922,0.0594423690497875,-0.0013691406929865,0.0014716535806655,-0.0018251688452437,still
1761227145352799500,-0.0003951367974281,0.0077377181125804,0.0588344662845134,0.0009646059479564,-0.0007290355861186,-0.0008595967665314,still
1761227145362812400,0.0146493423982523,0.0067993047513067,0.0589683217972517,-0.0004063891246914,0.0002938844263553,-0.0004010002594441,still
1761227145372826600,-0.0011371508037671,-0.0043108854690566,0.0593979453861713,0.0003136077430099,0.0021138421725481,0.0011081480188295,still
1761227145382839600,0.0445527881548739,-0.0014934168955311,0.0511678771793842,0.0012286701239645,0.0010515071917325,9.5941359177e-06,still
1761227145392853500,0.023527024326194,0.0094139076964929,0.0551964020431041,0.0011863345280289,0.0007454226724803,0.000306092086248,still
1761227145402867500,0.0355110747716389,0.0004303177086636,0.055944590061903,-0.0018174449214711,-0.0003432775847613,0.0023732376284897,still
1761227145412880400,0.0457900383322499,-0.0042635026633739,0.0472603483468294,0.0029073872137814,-0.0007385672070086,-0.0027167554944753,still
1761227145422894600,0.0203958318946883,-0.0180282625131309,0.046664136019349,0.0003166643436998,0.0012113992124795,-0.0015196645399555,still
1761227145432907500,0.0189320064198225,-0.0122516153404489,0.054596098062396,-0.0001250749919563,-0.0010150792077183,-0.0011326828971505,still
1761227145442921700,-0.0110569804620929,0.012801686971262,0.0559469281494617,-0.0002779404167085,0.0005378101486712,0.0010015743318945,still
1761227145452935400,-0.0223541811545379,0.0259182485779747,0.04308160135746,-0.0006469830404967,0.0007417146116495,0.002121475758031,still
1761227145462948600,-0.0206179502127692,0.0056727484067901,0.0511649545699358,0.0010870008263736,-0.0005344720557332,-0.00045593152754,still
1761227145472962600,-0.0245040891974233,0.0232280596459284,0.0764519560396671,-0.0001462060026824,-0.0019290433265268,0.0002028370508924,still
1761227145482975500,-0.0298207176429219,0.0246552429048344,0.0493769021093845,-0.0022253359202295,-0.0006624441593885,-0.0001620159018784,still
1761227145492989400,-0.0358823375031352,0.0066387073621153,0.0552197829186916,0.0007451148703694,0.0014463525731116,-0.0002410447923466,still
1761227145503003600,-0.0264466380999423,0.008715586701408,0.0689887805521488,0.0006364576984196,0.0021869777701795,-0.0026136548258364,still
1761227145513016600,-0.0019445581965148,-0.0070775737034156,0.0603168137967586,0.0005107352044433,0.0023317653685808,-0.0012658131308853,still
1761227145523030500,-0.0181194844605401,-0.0086036142269149,0.0648071109533309,0.0016295290552079,-0.0006387243047356,6.15062890574e-05,still
1761227145533043700,-0.0032364429042674,-0.0047200873244553,0.0603168137967586,0.0007800976745784,-0.0003747609443962,0.000257414067164,still
1761227145543057400,0.0011449505177326,-0.0117533834947273,0.0627063392817974,-0.0007956947665661,-0.0019058124162256,-0.0028686043806374,still
1761227145553071600,0.0179717648192308,0.0115428094839677,0.0776753603547811,0.0003328726161271,0.002279286738485,0.0018846575403586,still
1761227145563084500,0.0261971568509005,0.0162411233680322,0.0688397274702787,0.002373652998358,-0.0006986600346863,-0.0007721120491623,still
1761227145573098500,0.026501966750063,0.0042487800182774,0.0562672461450099,-0.0030194369610399,0.0022094491869211,0.0009423141600564,still
1761227145583112400,0.0390635248225182,0.0089273297559469,0.0532785857230424,0.0004115134943276,-0.0008899373933672,-0.0009852817747741,still
1761227145593125600,0.0022053645571693,0.0162165369160473,0.0730249042004346,0.0001153249759227,-0.0019976994954049,0.0001756263663992,still
1761227145603139600,0.0193573191598057,0.0082902739614248,0.0670370619624853,-0.0007898835465312,-0.0001148446463048,0.0011516748927533,still
1761227145613152500,0.0118653011702932,-0.0069066010506823,0.0598573795914649,0.0011946707963943,-0.0007753940299153,-0.0012764410348609,still
1761227145623166500,0.0106368005549535,-0.0056470294436439,0.0749661013960838,-0.0014221511082723,0.0006997308228164,-0.0015531434910371,still
1761227145633180700,-0.0201868105201981,-0.0091768110049888,0.0629927550077438,-0.0002657552249729,-0.0002804109826683,-0.0003404699964448,still
1761227145643193600,-0.0069113685573451,-0.0153854929193854,0.0423462728202342,-0.0005805408582091,0.002271962352097,0.0042886366136372,still
1761227145653207600,-0.0077275803110562,-0.0012106178987771,0.0712327600866556,0.0017353086732327,-0.0005021360702812,0.0014723690692335,still
1761227145663220700,-0.0216798072906211,0.0065291825730353,0.0573258152872323,-0.0032956688664853,-0.000244075898081,0.0009080453310161,still
1761227145673234400,-0.0148320602877065,0.0023543445738032,0.0528331800431013,0.002480509225279,0.0005835534539073,0.0001884161029011,still
1761227145683248600,-0.0013121785771101,-0.0092579499498009,0.0558346999466419,-0.0013291429495438,0.0010461446363478,-0.002660899888724,still
1761227145693261600,-0.0034814854402095,0.0063401262743398,0.0607768325239419,0.0027223280631005,0.0026558996178209,-0.0004034511512145,still
1761227145703275500,-0.0153461107570677,0.0126366326026618,0.0628758506298065,-0.0041749929077923,4.04091551899e-05,-0.0013874891446903,still
1761227145713288400,-0.0191001660609617,0.0126795949615538,0.0562917960643768,-0.0017767291283234,0.0008198001887649,0.0004565832205116,still
1761227145723302700,-0.0054805137703195,-0.0042293081328272,0.0719938075870275,0.000834766542539,0.0003026141785085,0.001282962039113,still
1761227145733316400,0.0127000532276928,-0.0019921967305243,0.0701882194697856,0.0027494276873767,0.0006079799495637,0.0007509990828111,still
1761227145743329500,-0.0057119113733991,-0.0112146369755268,0.0618014993965625,-0.0005491636693477,-0.0002700639888644,-0.0010807230137288,still
1761227145753343200,0.0033097090698778,-0.006367233476974,0.0573024344116449,0.0015977129805833,-0.0004404797218739,-0.0005424813134595,still
1761227145763356200,0.0129596357456408,-0.0026808000491932,0.0722515817403793,0.0024696320760995,0.0012527583166956,-8.28198390081e-05,still
1761227145773370400,0.0164912439378909,0.0046282443225383,0.0553448706030845,-0.0034306126181036,0.0015769109595566,0.0001411779085174,still
1761227145783384300,0.0059273259560577,0.0115591395642608,0.0560965657532215,-0.0001658434048295,0.0001928661949932,-0.0016298242844641,still
1761227145793397200,0.0010661131278611,0.0178445399766787,0.0602858341366052,0.0023597374092787,0.0005061724223196,0.0007984082913026,still
1761227145803411200,-0.0018275990196503,0.0025423779591917,0.0722463210433721,0.0025637357030063,0.0016646473668515,0.0013089362764731,still
1761227145813424400,0.0107341051832772,0.0106449838614091,0.065513797917962,-0.0008218232542276,0.0023500644601881,-0.00087135436479,still
1761227145823438000,0.0104624486350454,0.0043437648253515,0.052934302330017,0.0005603574682027,0.0001585492864251,0.0023201778531074,still
1761227145833452300,0.0191499052205123,0.0013953998811542,0.0494891303122043,0.0015256206970661,0.0004273473750799,-0.0008056419901549,still
1761227145843465200,1.63300802931e-05,-0.0117189332358539,0.0607078589409589,0.0004201424308121,0.000723757315427,-5.32990088686e-05,still
1761227145853479200,-3.18016440607e-05,-0.0127407505642622,0.0649012189775705,0.0004284919705241,-0.0002557164989411,0.0004737965064123,still
1761227145863492400,-0.0112133766002021,0.0010135609567165,0.0574275220960378,0.0001374082639813,0.0004750550724565,0.0006245314143598,still
1761227145873506300,-0.0208782085841521,-0.000662993953377,0.0679068305343389,-0.0021647000685334,0.0005385612603276,0.0013844709610566,still
1761227145883520000,-0.0061323287425562,0.001033142440021,0.0580272415548563,0.0021110048983246,0.0007217868696898,6.62062084302e-05,still
1761227145893533200,-0.0126081919594667,0.0158097827460616,0.073445759961009,0.000536928884685,0.0012172861024737,0.0001877042232081,still
1761227145903547400,0.0039347456330433,0.0164709500685334,0.0586310526669025,0.0008828737773001,-0.0011108494363725,0.0011962433345615,still
1761227145913561300,0.007753500203602,0.0035856034018099,0.0481622656226158,0.0002581023145467,-3.71439382433e-05,-0.000101865385659,still
1761227145923574300,-0.0063619362473487,0.014583748082444,0.060866264373064,-0.0010329980868846,0.0005357018671929,-0.0015958986477926,still
1761227145933588200,0.0042577853086404,0.0050989305742084,0.0632522827267646,0.0015866302419453,0.0015748098958283,-3.91022767871e-05,still
1761227145943601200,-0.009011555706989,0.0109165673444047,0.0659399143755435,-0.0015558996237814,-0.0003125723451375,-0.0008178106509149,still
1761227145953615000,-0.0063374228606,0.0002575549576431,0.0638350510507822,0.0010524736717343,0.0013643300626426,-0.0004383246414363,still
1761227145963629300,-0.0051354631923139,-0.0006603270722553,0.0710229167282581,-0.0013094838941469,0.0016873714048415,-0.0001664159353822,still
1761227145973642200,0.003936371334549,0.007092259815894,0.0889800137013197,0.0001537923235446,-0.0018813689239323,-0.0018244233215227,still
1761227145983656200,0.0100509634910151,0.00804393451754,0.0801601629078388,0.0008470132015645,-0.0014842916280031,-0.002778900321573,still
1761227145993669400,0.0075368800445459,0.002620776957646,0.0508300235271453,0.0024521746672689,-0.0003712284378707,0.0007055629976093,still
1761227146003683300,-0.0027942338284105,0.0224960190443322,0.0541179591566324,1.51160638779e-05,0.0017449192237108,0.0003931742394343,still
1761227146013697000,0.0166022117653861,0.0211735017362982,0.0669873776018619,-0.0005398883949965,-0.0014625922776758,0.0006809366168454,still
1761227146023710200,0.0119694556645117,0.0140783193109557,0.0635445436716079,-0.0005478777457028,-0.0011182455345988,0.0003866573097184,still
1761227146033724400,0.0044106743154115,0.008568287185207,0.0608481441944837,-0.0008358743507415,0.0026028766296803,-0.0008955784142017,still
1761227146043737000,-0.0026510076991282,0.015606478726305,0.0677320584893226,0.0021884113084524,5.34323044121e-05,0.0016639857785776,still
1761227146053751300,-0.0215035191419534,-0.0033733488906174,0.0683347005575895,-0.0003643869422376,0.0002259076572954,0.0012629284756258,still
1761227146063765200,-0.0137855103768408,0.0002347586039453,0.0786608642607927,-0.0002232394181191,0.0004416233859956,-0.000295287114568,still
1761227146073778200,-0.0132059569232165,-0.004997589091584,0.0708849695622921,0.0003798599354922,0.0021057892590761,-0.001601364230737,still
1761227146083792100,-0.0151033332434482,-0.0090513579944148,0.0542781181544065,0.0038739275187253,-0.0005544424057006,-0.0025217526126652,still
1761227146093805300,0.0004269749741069,-0.0002016235193237,0.0548836828321218,0.0011283319909125,-0.0005881371907889,0.0002660042373463,still
1761227146103819000,-0.0002582490773871,0.0054154491774737,0.071949968445301,-0.0004589119926095,0.0027061933651566,-8.5677020251e-06,still
1761227146113833200,-0.0003230944745242,0.0001144201599061,0.0658183338224887,0.0030899916309863,-0.0011834735050797,-0.0022437614388763,still
1761227146123846400,-0.0050301213880069,0.0091018826052546,0.0661304685115814,-0.0044502164237201,0.0006466507911682,-0.0001987199066206,still
1761227146133860400,0.0080792432929389,0.0105045159447938,0.0608908142924308,-0.0012750634923577,-0.0012751771137118,-0.0002198766451328,still
1761227146143873300,-0.0017603607360273,0.0141289900522679,0.0731523299723863,-0.0001373609993606,-0.001134562306106,-0.0008268109522759,still
1761227146153887200,-0.0026078809434548,0.0060126113530248,0.0625245529741048,-0.0004423048812896,0.0011884823907166,0.0025294099468737,still
1761227146163901400,-0.0086394527252763,0.0002213876657187,0.0619224954277276,-0.0001296496484428,-0.000586780719459,0.0004705202300101,still
1761227146173914000,0.0080793528907932,0.0025675489330664,0.0520487516671419,-0.0009745073039084,0.0006790952757,0.0012676801998168,still
1761227146183928300,0.0134125488786026,-0.0058832493523135,0.0541337412476539,0.0021461849100887,-0.0010575521737337,-0.0003073131665587,still
1761227146193941000,0.0059535198432393,0.0005539806209504,0.0393155268222093,-0.0012330170720815,-0.000269538257271,-0.0002619216684252,still
1761227146203955200,0.0034966099441051,0.0070176602097228,0.0605646510779857,0.0007345264311879,0.002765932586044,0.001207610592246,still
1761227146213969200,0.0042935690080747,0.0058999082261696,0.0584779079318046,0.0006065228953957,0.0036036241799592,-0.0018006685422733,still
1761227146223982300,0.0236617200891487,0.0135855308253318,0.0680646514445543,-0.0034044638741761,-3.63844446837e-05,0.0011517119128257,still
1761227146233996000,0.0190014183942228,0.020928075607866,0.0813876588761806,-0.0012492723762989,0.002302516484633,0.000726348021999,still
1761227146244009200,-0.0047268275924958,0.0203313152911141,0.061629065439105,0.002135339193046,-0.0003582476638257,-0.0003359868424013,still
1761227146254023400,0.008005136877112,-7.84720636904e-05,0.0527922635108232,-0.0001843222416937,5.93559816479e-05,0.0012875087559223,still
1761227146264037000,-0.0060342386629432,-0.0045594168700277,0.0493529367119073,2.95296777039e-05,-0.0011300118640065,0.001600696472451,still
1761227146274050300,-0.0126952309221029,0.0127667617883533,0.0598304915845394,0.0014096768572926,0.001007764134556,0.0007205274887382,still
1761227146284064300,-0.0054670332342386,-0.0042525428779423,0.0457622187435627,0.0026967828162014,-0.0036370554007589,0.0016571611631661,still
1761227146294077200,-0.0014591492997482,-0.0015405805055052,0.0664087009310722,-4.52455133199e-05,-0.0032847351394593,0.001186806242913,still
1761227146304091100,-0.004518281142041,0.0150891403213143,0.0495090040564537,-0.0005624315235763,0.0008431642781943,0.0029109367169439,still
1761227146314105300,-0.0083388988761231,0.0009755670338869,0.0432411758333444,-0.0010296434629708,0.0013375957496464,-0.0007631493499502,still
1761227146324118000,-0.0017228965361602,0.0092361034441739,0.058361588075757,0.0035800219047814,0.0027796975336968,0.0005223585758358,still
1761227146334132200,-0.0039060309952124,0.0352704161498695,0.0650952802449464,0.0017214759718626,0.0025438086595386,-0.0003248952561989,still
1761227146344145400,-0.0040330914409831,0.0158680157393217,0.0540238511323928,0.0024338716175407,0.0008915835060179,8.97590070962e-05,still
1761227146354159000,0.0074903922880068,0.0064038391603156,0.0782628048539161,9.97725874185e-05,0.0004084387328475,-0.0017509455792605,still
1761227146364173000,-0.0012517170941457,0.008146189315617,0.0650929421573877,0.000946924323216,-0.0005748001858592,-0.0001330752857029,still
1761227146374186200,0.0117408893393352,0.0068531538303941,0.0647889907747507,-0.0004733765963464,-0.0010662786662578,0.0016564413672313,still
1761227146384200400,0.0045831630717962,-0.0023376126347109,0.0689718294173479,0.0002736400347203,-0.0006476296111941,-0.0007209625327959,still
1761227146394213000,0.016076434325613,-0.0006466273404657,0.0655260728776454,-0.0003206778783351,-0.0014008968137204,-0.0017878243234008,still
1761227146404227300,-0.0090373477353714,0.0015981924442574,0.0641834260970354,0.0001139498781412,0.0001442693173885,-0.0012743668630719,still
1761227146414241300,0.0050149420851841,-0.0192936793390661,0.0703285047233104,-0.0036027608439326,7.348135113716125e-07,-0.0010935649042949,still
1761227146424254200,-0.0047975547411479,-0.0154303549744188,0.0794657509028911,-0.0005401256494224,-0.0007284386083483,0.0004952769959345,still
1761227146434268200,-0.0091656320238485,0.0079343366632238,0.0785731859773397,-0.0028877058066427,-6.49574212729e-05,-0.0007281814469024,still
1761227146444282400,0.0030735439601354,0.0167812215941026,0.077231708240509,0.0020929381716996,0.0007017664611339,-0.0009031511144712,still
1761227146454295000,-0.0102317268854007,0.0093286040332168,0.0565787963122129,0.000862633343786,0.0008881005924195,0.0001362516777589,still
1761227146464309200,-0.0090055826239287,0.0024763269856572,0.0528308419555425,-0.0007507097907364,-0.0001689079217612,-0.0004070332506671,still
1761227146474322400,0.018565511194989,-0.0049192996909841,0.0534328995019197,0.0006182196084409,0.0010728070046752,-0.0016672130441293,still
1761227146484336000,-0.0021963227341882,0.0070271586904302,0.0555278259545564,-0.0002995058894157,0.0004799873568117,-0.0012139430036768,still
1761227146494349300,0.0076156261028721,0.0063805313499644,0.0643541064888238,0.0014250080566853,0.0010903293732553,-3.50369373336e-05,still
1761227146504363300,-0.0076173979348503,0.009812843886204,0.0667430474519729,-4.936009645462036e-08,-0.0011006533168256,0.0018070716178044,still
1761227146514377200,-0.0136169123442843,0.0086469419119879,0.069739891180396,0.0009772558696568,0.0024042804725468,-0.0006545697106048,still
1761227146524390100,-0.0026100729005411,0.0006041399056091,0.0564244825333356,-0.0023607504554092,-3.54414805769e-05,-0.0006998433964326,still
1761227146534404400,0.0004271759035065,0.0032568829040974,0.0523807601004838,0.0021476782858371,0.0006478545255959,0.0018150567775592,still
1761227146544418300,0.0166767565726302,0.0089684289513155,0.0701882194697856,-0.0001242645084857,0.0042697535827755,4.00599092245e-05,still
1761227146554431200,0.0068545786025002,0.0019798852382227,0.060914779689908,0.0006276653148233,-0.0013608736917376,0.0009670276776887,still
1761227146564445200,0.0079698281017132,0.0168394180547446,0.0624134938150644,-0.0007659669499844,-0.0005976115353405,-0.0020460728555917,still
1761227146574458000,0.0107084227527491,0.0029276874823495,0.0505909540742635,0.0003326490987092,0.0001463871449232,-0.0005196628626435,still
1761227146584472000,0.0175888299162499,-0.0100938893172889,0.0471440284907817,0.0020655679982155,-0.0013484451919794,-5.76043967157e-05,still
1761227146594486300,-0.001986570707336,-0.0024863734556362,0.0481967524141073,0.0007264947053045,0.0020970918703824,-0.0015052936505526,still
1761227146604499500,-0.0012221074071712,0.0015701719261705,0.0499947417467832,0.0005904072895646,0.0005985309835523,-0.0007018179167062,still
1761227146614513200,0.0008766549703665,-0.0062643576243892,0.061668228405714,-0.0020953656639903,0.0021885321475565,0.0034207701683044,still
1761227146624526300,0.013339556707628,-0.0036562209526076,0.0556967527806758,0.0001640601549297,-0.0013574669137597,-0.0011625299230217,still
1761227146634540300,0.0003790441791526,-0.006493380607292,0.057490650460124,-0.0009287123102694,0.0011831729207187,0.0022193004842847,still
1761227146644554200,-0.0005702193696983,0.00104318891,0.0724625941425561,-0.0019188754959031,0.0025653536431491,-0.0002928595058619,still
1761227146654567200,-0.0037684856880456,-0.0029615532193332,0.0652834962934255,0.000221639405936,0.0001748888753354,-0.0001378698507323,still
1761227146664581400,-0.0121727048853412,-0.0104140611823648,0.068428808581829,0.0002296289894729,0.0010550636798143,-0.001829509739764,still
1761227146674594000,-0.0106046883836388,0.0047418242322281,0.0569067130923271,-0.0017925391439348,0.0016547935083508,-0.0005963385337963,still
1761227146684608300,-0.006387326416932,-0.0084916052198037,0.0654378100723028,-0.0004098259378224,-0.000550836790353,0.0002361655933782,still
1761227146694622200,-0.0022436690072529,0.0043996962636709,0.0594423690497875,0.0028706116136163,0.0036662532947957,0.0005269742105156,still
1761227146704635100,-0.0074778433336876,0.0029463191175833,0.0579430704027414,0.0011986789759248,0.0018017741385847,8.67537455633e-05,still
1761227146714649000,0.0002678936885669,-0.0058881081905215,0.0670621964037418,0.0038618722464889,-0.0005302019417285,0.001975925406441,still
1761227146724662300,0.0030878647464327,-0.0067057081837207,0.0769359401643276,-0.0020221159793436,0.0022730412892997,3.52800125256e-05,still
1761227146734676200,0.0192764542096294,0.0052392888929694,0.0794751032531261,-0.0011694906279444,0.0013237232342362,-0.0006396684329956,still
1761227146744690200,0.0128062352822162,0.004683591238968,0.0686971041291952,-0.0004152834881097,0.0003503379411995,-0.0006290157325565,still
1761227146754703400,0.0028695823532529,0.0007722630141302,0.066000704652071,0.0033670989796519,0.0019702557474374,0.0015943591715767,still
1761227146764717300,0.0013635799707844,0.003516666351445,0.0597094955533742,-0.0004156550858169,-0.0024812179617583,-0.0012799906544387,still
1761227146774730200,0.0070089837129227,0.0140519427606835,0.0552156912654638,0.0023898775689303,0.0001423973590135,0.0009945181664079,still
1761227146784744200,0.0041288434330374,0.0062382733350619,0.0610533113777637,0.0013078353367745,-0.0012730727903544,-6.11587893217e-05,still
1761227146794758400,0.0035856764670461,0.011310388967581,0.0721206488370895,0.0007819505408406,-0.0006224061362445,-0.0039128120988607,still
1761227146804771000,0.006724193688482,-0.0024343875400722,0.0525093549162149,0.0010328202042728,-0.0011084326542913,0.0023365621455013,still
1761227146814785300,-0.0180036395285278,0.0094937314670532,0.0577437484383583,0.000724465586245,0.0005631183739751,-0.0018931636586785,still
1761227146824798500,-0.0055948425986804,-0.0019107289921492,0.0584966126322746,-0.0013557295314967,0.0001551220193505,0.001554298447445,still
1761227146834812200,-0.0006134191906079,-0.0222143160261213,0.0658317778259515,-0.0012700788211077,-0.001425155904144,-5.454570055e-05,still
1761227146844826000,0.0045426483983173,-0.0018882248993963,0.0507172108024358,-0.0018796763615682,-0.0018123793415725,-0.0005786557449027,still
1761227146854839300,-0.0042298378557898,0.0039322979476302,0.0549117398828268,-0.0007475307211279,0.0015655315946787,0.0033753062598407,still
1761227146864853200,-0.0081810049006715,0.0092097634265199,0.0570066663354635,0.0011792662553489,-0.000351411756128,0.0007198682287707,still
1761227146874866200,-0.0110429702030494,0.0098193832248449,0.0683791242212057,0.0024596590083092,0.0009756116196513,0.0007249303162097,still
1761227146884880400,-0.0152154153157956,0.0083369626473635,0.0745166040629148,-0.0012482601450756,0.0019932053983211,-0.0003350076731294,still
1761227146894894000,-0.0054464105713181,0.0063419894378632,0.0736111796557903,0.0019603162072598,-0.0025338851846754,0.00134410825558,still
1761227146904907300,0.0029935192601755,0.0091695044813677,0.0596925444185733,0.0012287460267543,0.0013511343859136,0.0005060115363448,still
1761227146914921200,0.000512260371074,0.0044195700079202,0.0477133528113365,0.0011799973435699,-0.0001386268995702,-1.15166185423e-05,still
1761227146924934100,0.011864899311494,0.0046408115431666,0.0537023640930652,0.001034322194755,-0.0002856333740055,6.86445273458e-05,still
1761227146934948000,0.0085083919578231,0.0087138331357389,0.0638695378422737,0.0014829845167696,-0.0006955540738999,-0.0009135004365816,still
1761227146944962300,0.0047593781552277,0.0073901833165436,0.0635696781128644,0.0013855127617716,0.0016986276023089,0.0002505672164261,still
1761227146954975200,0.0001766352085396,-0.006299282807298,0.0700052641183137,0.0002565598115324,-0.0010610348545014,-9.93916764855e-05,still
1761227146964989200,-0.0149398315111175,-0.0053164457824081,0.0614747516602277,0.001855521928519,-0.000255960971117,0.0003770478069782,still
1761227146975002400,-0.0050889754357747,0.0072993632279336,0.0608750322014093,0.0016656261868774,0.0002814191393554,0.0018275667680427,still
1761227146985016300,0.0021536343699321,0.0088207641089335,0.0634253012061119,-0.0007525240071117,0.0004207023885101,0.0018595247529447,still
1761227146995030300,-0.0050491366157308,-0.0065147887215018,0.0739028560787439,-0.0036252071149647,0.0002745003439486,0.0005777715705335,still
1761227147005043200,-0.0154540098446421,0.0051784255512058,0.0710655868262052,0.0023583832662552,-0.0001806342042982,2.59645748883e-05,still
1761227147015057400,-0.0026442674310877,0.0050813949175179,0.0704717125862836,-0.0011944225989282,0.0008726557716727,-0.0004273825325071,still
1761227147025070000,0.0092975695741362,0.0149331460420042,0.0713712917745113,-0.0020013605244457,-0.0005883546546101,-0.0001357663422822,still
1761227147035084300,-0.011270166555047,0.0241143774937838,0.0522135868400335,0.0002408025320619,0.0006286005955189,0.0005614345427602,still
1761227147045098200,-0.0088027535282075,0.0189877917276695,0.0584931055009365,-0.0003315107896924,0.0013282129075378,0.0020016720518469,still
1761227147055111200,-0.0079262446883134,0.0052794017076492,0.0520575194954872,0.0007457209285348,0.0006556191947311,-0.0023980946280062,still
1761227147065125000,0.0032742541640065,0.0012674991851672,0.0593856704264879,0.0010855400469154,-0.0008589206263422,-0.0006526589859277,still
1761227147075138300,-0.000985302976612,-0.0056731137329712,0.0692570760995149,0.0014978251419961,-0.0009037321433424,0.0021077331621199,still
1761227147085152300,0.0172845314737409,0.0080730144815519,0.0507055203646421,-0.0008340387139469,0.0014579591806977,-0.0005341228097677,still
1761227147095166200,0.0117928752548992,-0.0021849793562665,0.0722550888717174,-0.0013510927092283,0.000720067648217,0.0010776098351925,still
1761227147105179400,0.0012176504277624,-0.002029898392409,0.0770505064547062,-0.0011497576488181,-0.0014932854101061,-0.0028271172195672,still
1761227147115193000,0.0172248371757566,0.0050394920045509,0.0682207187891006,0.0005209844093769,0.0008777857292443,0.0007256499957293,still
1761227147125206300,0.0076175805979408,0.0137764137549325,0.059545829424262,-0.0013919642660766,0.0012655418831855,-0.0017316485755145,still
1761227147135220200,-0.0045101161018945,0.0050919163115322,0.0661298839896917,0.0010918406769633,0.0005109750200062,0.0003066421486437,still
1761227147145234400,-0.0076037530019879,-0.0111491339912638,0.0568488454252481,-0.0002069829497486,-0.0005521588027477,0.0023077414371073,still
1761227147155247000,0.0046346740633249,4.44601962342e-05,0.0620914222538471,-9.77227464318e-05,0.0036058886907994,0.0015344785060733,still
1761227147165261300,-0.0056561443318612,0.0215835073092952,0.0817056387841701,-0.0003216946497559,0.0011139689013361,-0.0001547647407278,still
1761227147175274200,-0.0077229772011749,0.0202315812436863,0.065991352301836,0.002630130155012,0.0029952418990433,0.0023267953656613,still
1761227147185288200,0.0106287999115884,-0.0063236500635743,0.0583534047693014,0.0022841852623969,-0.0012562284246087,0.0004484677920117,still
1761227147195302100,-0.0001279554949142,0.0006168897893279,0.0629950930953025,0.0004428869578987,0.0005272876005619,-0.0012593423016369,still
1761227147205315300,-0.0122285267258062,0.0116615039601922,0.0664320818066597,0.0023451827000826,-0.0006801895797252,0.0008882307447493,still
1761227147215329300,-0.0203969461395405,-0.0014559344293549,0.0568552751660347,-0.0007672766223549,0.0016297134570777,-0.0003535659052431,still
1761227147225342200,-0.0149386624673381,0.0038444735337048,0.0659831689953804,0.0016391556710004,8.66781920194e-05,0.0012712285388261,still
1761227147235356400,0.005963456715364,0.0112078419085592,0.059693128940463,-0.0001295879483222,0.0013365198392421,0.0023000827059149,still
1761227147245370000,0.0097035200265236,0.0023738895244896,0.0683738635241985,-0.0007322612218558,-0.0015929574146866,-3.7906342186e-05,still
1761227147255383300,0.0049078467152081,0.0022564006246626,0.063439914253354,0.0003050053492188,0.0007563245017081,-0.0012864728923887,still
1761227147265397200,0.0145123998792842,0.0008157368296757,0.0785544812768697,0.0008576111868023,9.90564003586e-05,-0.0004126897547394,still
1761227147275410200,-0.0007640797076746,0.006227569277957,0.068378539699316,-0.001048561418429,0.0019757114350795,0.0005025751888751,still
1761227147285424000,-0.0077123827419243,0.0114517336670309,0.0484703086584806,0.0029323319904506,0.000777821522206,-0.0003565605729818,still
1761227147295438300,0.0147704662935808,0.0031179128248244,0.061032268589735,0.0002572736702859,0.0021710854489356,0.0011834928300231,still
1761227147305451300,0.0153448503817431,0.0020962416268885,0.0724047264754772,0.0025670330505818,-0.0004675746895372,-0.0004405026556923,still
1761227147315465200,-0.0025630371547304,0.0059773939091712,0.066726096317172,-0.0003950579557567,0.0010154107585549,0.0024057540576905,still
1761227147325478400,0.0027371516126208,0.0081515961430966,0.0432370841801166,-5.12439291924e-05,-0.0002983263693749,0.0012443494051694,still
1761227147335492000,0.0036308490493334,0.0026586612826213,0.0724099871724844,-0.0004440620541572,-0.000878372695297,0.0015715966001152,still
1761227147345506300,-0.0072943947918713,0.0102881697803735,0.074200962242484,-0.0005521862767636,-0.0005207103677093,-0.0014143395237624,still
1761227147355519200,-0.0142037357889115,0.0131488199084997,0.0712117172986269,0.001162678701803,0.0013424772769212,0.0019657867960631,still
1761227147365533400,0.006236903361883,0.0017208689758554,0.0658230099976062,0.0027802831027656,-0.000603228341788,0.0021956176497042,still
1761227147375546000,-0.0096559362914413,0.0153443937240168,0.0706067371428012,0.0011283815838396,0.002098492346704,0.0007312755333259,still
1761227147385560300,-0.0146165909061208,0.0027781960090622,0.0622305384635925,7.05739948898e-05,0.0016273793298751,0.0021536699496209,still
1761227147395574300,0.0010114968637935,0.0083405793765559,0.052660161563754,-0.0007642128039151,0.0022648321464657,0.0012348158052191,still
1761227147405587200,-0.0105835359977558,0.0129283820908516,0.0601502250581979,-0.0008992350194603,0.0008957008831202,0.0003644947428256,still
1761227147415601200,0.018314915701095,0.0009272343801334,0.0727168611645698,0.0003746300935745,-0.0016023395583033,0.0017811643192544,still
1761227147425614000,0.0089196579061448,0.0050556028891354,0.0574555791467428,-0.0026456608902662,0.0015361956320703,-0.0015938596334308,still
1761227147435628300,0.0022571312770247,-0.0081712141590192,0.0618003303527832,-0.0026763454079627,0.0006447539199143,0.000238822074607,still
1761227147445642200,0.0125001832740381,-0.0025963366361334,0.0588099163651466,-0.0019394488772377,0.00011478504166,0.0002928843023255,still
1761227147455655400,0.0069966356880031,-0.0006819909147918,0.0636047494262456,-4.42315358668e-05,-0.0010842075571417,0.0029049161821603,still
1761227147465669000,0.0090875983515754,-0.0026194252507761,0.0531219338566064,0.0020340993069112,0.0011126338504254,-6.93020410835e-05,still
1761227147475682300,-0.0006523994941264,-0.009617029053159,0.0603121376216411,-0.0024321828968822,0.000829468248412,0.0015491363592445,still
1761227147485696300,-0.0019952472041361,0.0035866263151168,0.0650987873762845,0.001321276417002,-0.0003311373293399,1.86176039278e-05,still
1761227147495710200,0.011684318580199,0.0161413893206045,0.0441524454593658,0.0002258848398923,-0.0023734187707304,-0.0016489457339048,still
1761227147505723100,0.0076250149857252,-0.0078155691217631,0.0619599048286676,-0.0005317844916135,-0.0002988162450492,-0.0022012854460626,still
1761227147515737300,0.0051538025666028,0.0129303913848474,0.0700356592565774,0.0002201488241553,-0.0009890408255159,-0.0015948014333844,still
1761227147525750300,-0.0056465727859176,0.0058761620244011,0.076616206690669,0.0015091185923665,0.0033923918381333,0.0007996467174962,still
1761227147535764200,0.0020497721366584,0.0050070145070552,0.0576180762320756,0.0002943195868283,0.0003127064555883,0.0011469270102679,still
1761227147545778200,-0.0037701844547875,0.0040267712980508,0.0550765750557184,0.0001885921228677,-0.0011317920871078,-0.001780952210538,still
1761227147555791000,-0.0155986424797214,0.0086132953707128,0.0643511838793754,-0.0004202462732791,-0.0002400814555585,-0.0007868231041356,still
1761227147565805300,-0.0068875310240313,0.0157207162231206,0.0704828185021877,0.0004460799973458,0.0007857680320739,0.0008558146655559,still
1761227147575818200,-0.0061997131566517,0.0184931035459041,0.063458618953824,-0.0010683531872928,-0.0016665635630488,-0.0009356207447126,still
1761227147585832200,-0.0035392435094341,0.0061340457756072,0.0544791936844587,-0.0007391865365207,0.0005595728289335,-0.0013840970350429,still
1761227147595846100,0.0111192685759626,0.00703333270289,0.0667494771927595,0.0014464508276432,-0.0004592044278979,-0.0018308903090655,still
1761227147605859300,-0.0009989296431653,0.0095418449250981,0.0650993718981742,-0.0012502659810706,-0.0001337663270533,-0.0005035707727074,still
1761227147615873300,0.00804740511626,0.0151380574969574,0.0565752891808748,0.0016040666960179,0.0011986657045781,-0.0017515803920105,still
1761227147625886200,0.0112008824448101,0.0029179332733154,0.0528290883898735,0.0005683633498847,-0.0004322542808949,-0.001191784045659,still
1761227147635900200,-0.0001563961381092,0.0008554112529382,0.0552168603092432,0.0005850000306963,0.001650417689234,0.0005922464188188,still
1761227147645914400,-0.0059508529621176,-0.0023578517051413,0.0797621035009622,-0.0020858841016888,0.0010069978889077,-0.0013816885184496,still
1761227147655927300,0.0027122546333819,-0.0035353345192968,0.068693596997857,0.0016206405125558,-0.0009620310738682,0.0008171072695404,still
1761227147665941200,-0.002947250699345,0.0055982949310913,0.0707879389286041,-5.52865676581e-05,-0.0013654995709657,-0.0011544309090822,still
1761227147675954400,0.0070863415317609,0.0037113486733287,0.0688502488642931,0.0005296461749821,-0.0002150842919945,-0.0003923901822417,still
1761227147685968100,0.0103354429882019,0.0110195527948439,0.0731914929389953,0.0001866309903562,0.0003289997112005,0.0004688760964199,still
1761227147695982300,0.0060342569292522,0.0068406962076202,0.0543441691279411,-0.0024883444420993,-0.0010102572850883,0.0012548719532787,still
1761227147705995300,0.0002542122230865,0.0105251934066414,0.0519511365115642,0.0002246177755296,-0.0017335722222924,-0.0021955193951725,still
1761227147716009200,-0.0006652772420085,0.0125465431664139,0.0736427438378334,0.0010327189229428,-0.0019451533444225,0.0007595897186547,still
1761227147726022100,0.0035873569674789,-0.0096100513231009,0.0667535688459873,-0.0007446750532835,-0.0008748290129005,-0.0007602763362228,still
1761227147736036400,-0.0133779159566387,-0.0020993468994274,0.0547790534138679,-0.0008778928313404,0.0003942835610359,-0.0003729620948433,still
1761227147746050000,-0.003030088410899,0.0127526967303827,0.0561240382820367,0.0012550330720841,0.0009359705727547,-0.0026638130657374,still
1761227147756063200,0.0012827332869172,0.0067947381740435,0.0733271020174026,0.0022141258232295,0.0006041661836206,-0.0016852307599037,still
1761227147766077200,-0.013734638706129,0.0102315442223101,0.0649491497725248,-0.0021361478138715,0.0012092362158,-0.0010639152023941,still
1761227147776090400,-0.0068396915606223,0.0099822456363588,0.0794704270780086,-0.0007680307608097,0.0024517329875379,0.0011757018510252,still
1761227147786104300,-0.0108932047351263,0.0081529478499665,0.0661538493871688,0.0004951066803187,-0.0017776330932974,-0.0006996961310505,still
1761227147796118300,0.008484773620218,0.0043678032880648,0.0712462040901184,-0.0015047444030642,-0.0001700380817055,-0.0006754035130143,still
1761227147806131500,0.0094833379372023,0.0116171533618122,0.0600274754613637,-0.0005196412093937,0.0019770024809986,0.0020442164968699,still
1761227147816145200,-0.0042639958537183,0.0054143531989306,0.0562882889330387,-0.0024386949371546,-0.0008326135575771,0.0004453418077901,still
1761227147826158300,0.0146246828810311,-0.0014929419714957,0.0585328529894351,0.0004987716674804,0.0002379771322011,-0.0028495211154222,still
1761227147836172300,0.0137178519681096,0.0052303384015336,0.0694569825857877,0.0001986597198992,-0.0006855130195617,-0.0002075238153338,still
1761227147846186200,-0.0089590400684624,0.0100879345005378,0.0760422061949968,0.0010607249569147,0.0005278231110423,-0.0003220399376004,still
1761227147856199200,-0.0027709442843683,0.0125239294758066,0.0637777679055929,-0.0036725243553519,0.0006292823236435,0.0022285939194262,still
1761227147866213400,0.0099075364323332,0.0091583255002275,0.066325114300847,0.0003067709039896,0.0005925307050347,0.0012826392194256,still
1761227147876226300,0.0037613070285879,0.0115120490195229,0.0688654464334249,-0.0017494319472461,0.000372837530449,0.0001716654514893,still
1761227147886240300,0.0130961216068826,0.0013755261369049,0.0613894114643335,-0.0010420964099466,-0.0002617938444018,-0.0014241005992516,still
1761227147896254200,-0.0153587145103141,0.0173995726881548,0.0688677845209836,0.0012355730868875,-0.0007231566123664,-0.0011643141042441,still
1761227147906267100,-0.0083720156944356,0.0131566013561561,0.0515080689191818,0.001122388523072,-1.36904418468e-05,0.0002532865619286,still
1761227147916281300,-0.0150233998750336,0.0076736399004235,0.0546586419045925,-0.0024111438542604,0.0025524655357003,0.0016171024180948,still
1761227147926294300,-0.0087533066296018,0.006229980430752,0.0757610511660575,-0.0014667869545519,-0.0009266878478229,-0.0003206135006621,still
1761227147936308500,-0.0102155064029619,0.0095717286067083,0.0753109693109989,-0.0025850834790617,-0.0003157067112624,-0.0028221765533089,still
1761227147946321200,-0.0022384083102457,0.003046381958574,0.0507756629914045,-0.0004644084256142,0.0006132039707154,0.0001323344185948,still
1761227147956335400,0.0091724088245071,0.0086570614472031,0.0609545271784067,-0.0021848313044756,-0.0018608099780976,0.0024430204648524,still
1761227147966349300,0.0055849787917919,0.0045102439660578,0.0560252540826797,0.0009489103686064,-0.0006746379658579,0.0007417931919917,still
1761227147976362200,-0.006372074048873,0.0002025003021582,0.0679945088177919,0.0005606526974588,0.0008583874441683,-0.0017733157146722,still
1761227147986376200,-0.0164946049387566,-0.0023998642159625,0.0805652365773916,-0.0010345808696001,0.00204509194009,0.0013620238751173,still
1761227147996390400,-0.0032630934491753,0.0006256210850551,0.0774251849859953,-0.0022668042220175,-0.000749752856791,0.0010619573295116,still
1761227148006403300,-0.0051295814407989,-0.002619754044339,0.060963295006752,0.0004070093855261,-0.002558572217822,0.0010723436716943,still
1761227148016417300,0.0158757241217419,-0.0010423486597836,0.0605120441079139,-0.000919141806662,-0.001093428581953,0.0012645358219742,still
1761227148026430500,-0.0017614749808795,0.0062085723165422,0.0539297431081533,0.000204712152481,0.0009316389914602,0.0006815699161961,still
1761227148036444200,-0.0036730624895542,-0.0012301263168454,0.0476432101845741,-0.0001588175073266,-0.0011090640909969,0.0001216016244143,still
1761227148046457300,-0.0025970490221865,0.0022943580148741,0.0597650251328945,-0.0028576650656759,0.0006712591275572,-0.0005103665171191,still
1761227148056471300,-0.0094147479467093,0.0073063044253736,0.0633627573639154,-0.0010499672498553,-0.001141536515206,0.0009148432873189,still
1761227148066485200,-0.0147326550338417,-0.0125187418440356,0.070991352546215,0.0006195686291903,-0.0013527255505323,0.0011177761480212,still
1761227148076498200,-0.0118533915367908,-0.002339731526561,0.0563262828558683,-0.0007153158076107,-0.0001417538151144,0.0003835575189441,still
1761227148086512400,-0.0198448834810405,-8.02256293594e-05,0.0588671995103359,-0.0008998729754239,-0.0024957214482128,0.0012842386495321,still
1761227148096525300,-0.021324198785983,-2.1554244682e-06,0.0590139145046472,0.0006477888673543,0.0001789194066077,0.0005689503159373,still
1761227148106539300,-0.0115478144526481,0.0148612133169546,0.0640992549449205,-0.0019983279053121,-0.000918835401535,-0.000316018005833,still
1761227148116553200,-0.022973536895588,0.0107314565684646,0.0540741200149059,0.0026686880737543,-0.0013017691671848,0.0017604031600058,still
1761227148126566100,-0.0111132954929023,-0.0039806671340018,0.0495855764240026,0.0016199350357055,-0.0012218747287988,-0.0012801277916878,still
1761227148136580400,-0.0069018518103286,-0.0027686609957367,0.0594604892283678,-0.0008418159559369,0.0008388222195208,-0.001387444557622,still
1761227148146593300,-0.0104635446135886,0.0199641990117728,0.0664969637364149,0.0011235966812819,0.0023469703737646,-2.25745607167e-05,still
1761227148156607500,0.0061974481343291,0.0083483973568305,0.0666436787307262,0.0011294709984213,-0.0004756720736622,0.0001300800358876,still
1761227148166621200,-0.001447659791354,-0.0072290744706988,0.0670849927574396,0.0010743436869233,-9.0864486992e-06,-0.0001223876606673,still
1761227148176634400,0.0241069613723084,0.0094496000643819,0.0664811816453933,0.0012081412132829,-0.0009563015773892,-0.0007050783606246,still
1761227148186648300,0.0122927510684356,0.0078530881205573,0.0494254174262285,-0.0014100123662501,0.0023191203363239,-0.0028148344717919,still
1761227148196661200,-0.0021447569437325,-0.0003349310427904,0.0684264704942703,0.0017126819584518,0.0005983419250696,-0.0007011998677626,still
1761227148206675200,-0.0134977612103335,-0.0020559096165001,0.0759136113792657,-0.0008322347421199,9.02106985449e-05,9.34873241931e-05,still
1761227148216689400,-0.0009105755062773,0.0027336627475917,0.0664864423424005,0.0001322303432971,0.001889367820695,0.0015290275914594,still
1761227148226702300,-0.0140803286049515,0.0106609486155211,0.0703770200401544,0.0020286673679947,-0.0007735267281532,-0.0001804553903639,still
1761227148236716300,0.0031769678019918,0.0085135978559032,0.0584048426955938,-0.0003643250092864,0.0018045275937765,-0.0005138177657499,still
1761227148246729500,0.0077290233494713,-0.0010313888743519,0.056610360494256,-0.0006303747650235,-0.0006607607938349,0.0004561055684462,still
1761227148256743200,-0.0078545494252815,0.0059448068138211,0.0739706606179475,-0.0024030320346355,0.0014677650760859,0.0009047015337273,still
1761227148266757400,-0.0039716618436388,-0.0154440547062084,0.0563169305056333,0.0004926230758428,0.0010816066060215,-0.0010812176624312,still
1761227148276770300,-0.0043909101690165,0.0022369287392124,0.05721826325953,-0.0021563067566603,-0.0001157196238636,0.0003799913683906,still
1761227148286784300,0.0078761219362728,-0.0012714081753045,0.0760696787238121,0.0054448870941996,0.0006693801842629,-0.0004980529192835,still
1761227148296797200,0.0091996621576137,0.0033041561119258,0.0691787501662969,0.0013018446043133,-0.0001163599081337,0.0021435958333313,still
1761227148306811400,0.0134270888606086,0.0064266355140134,0.0732189654678106,-0.0016438777092844,0.0006205367390066,-0.0010668449103832,still
1761227148316825300,0.0050088776705786,0.0149161583745852,0.0642430473297834,0.0026119337417185,0.0007443770300596,0.0001637628301978,still
1761227148326838300,-0.0050119281441904,0.0150280212512239,0.0622971739590167,0.0025394959375262,0.000531856669113,0.0013296947581693,still
1761227148336852200,0.0130727772639133,0.0009092968646436,0.0739613082677125,0.0030770800076425,0.0015899289865046,0.0002496223896741,still
1761227148346865200,0.0064097026455216,0.0107412107774987,0.0546510431200265,-0.0002457459922879,0.0017981883138418,0.0017026431160047,still
1761227148356879400,0.0126486335677094,0.0013141148058697,0.0672182637482881,0.0008777140174061,0.0020358280744403,0.0003687458811327,still
1761227148366892300,0.0073541073561646,0.0166316570555791,0.0592868862271308,-0.0019268608884885,0.0005833399482071,-0.0012563150376081,still
1761227148376906200,-0.0023550386935472,0.007875847941637,0.0652799891620874,-0.0005608773790299,0.0002987890038639,0.0026801326312124,still
1761227148386920200,0.0024777700240723,-0.0013868147158995,0.058548050558567,0.0001195603981614,0.0002218235749751,0.0011275096330791,still
1761227148396933400,0.0096524291601032,-0.0078975848494097,0.0453828640371561,0.000519971596077,-0.0006231893785297,0.0004091027658432,still
1761227148406947300,0.0025842808721587,-0.0013064064234495,0.069475102764368,0.000568707473576,-0.0003539440222084,0.0008397359633818,still
1761227148416960300,0.000628689824976,0.0066808294707909,0.0655862786322832,0.0014617959968745,0.0018356817308813,0.0002067760797217,still
1761227148426974200,-0.0004368753136135,-0.0027166020149365,0.06618892070055,-0.0011840545339509,0.0010404619388282,0.0004768206272274,still
1761227148436988400,-0.0057021754306741,0.0076550082651898,0.07277239074409,0.0031241187825798,-0.0004903594963252,-0.0001158891245722,still
1761227148447001300,0.0025006394430063,0.0098205888012424,0.0663327130854129,0.00178774446249,8.64812172949e-05,-0.0019215121865272,still
1761227148457015300,-0.0107510380517691,0.0103953564818948,0.0736643711477518,-0.0004374848213046,-7.91219063103e-05,0.0019234115025028,still
1761227148467028500,-0.0112984428014606,0.0062489043269306,0.0745680419892072,0.0001880917698144,0.0002108963672071,0.0024038457777351,still
1761227148477042200,-0.0004490041428245,0.0082245883140712,0.0663385583043098,0.0010789053048938,0.0010940879583358,9.58481105044e-05,still
1761227148487056100,-0.0003681757252663,-0.001379362061806,0.0643903468459844,6.18437770754e-05,0.0007859601173549,-7.59257236495e-05,still
1761227148497069300,0.0020288206801749,-0.0108475572288036,0.0536181929409503,0.0014873493928462,-0.0001870268024504,0.0023124916478991,still
1761227148507083300,0.0207864934463985,-0.003269230929017,0.0585568183869123,0.0001310016959905,-0.0013212673366069,-0.0009871650254353,still
1761227148517096200,0.0071099964019842,-0.0052993485171347,0.0717255120396614,-0.0007744331378489,0.0017004685942083,0.0006072022952139,still
1761227148527110400,0.0198665655898861,0.005093925605528,0.071431497529149,0.0036189837846904,-5.80167397856e-05,-0.00114915240556,still
1761227148537124000,0.0306932809600606,0.0014730316946282,0.0724737000584602,-0.0025272208731621,0.0003186252433806,-0.0007676625391468,still
1761227148547137300,0.0218053333664312,-0.0018467603778466,0.0714332510948181,-0.0012014993699267,0.0011556567624211,0.0012001472059637,still
1761227148557151200,0.0122658995941281,0.0031916356481611,0.0660521425783634,-8.91133677214e-05,0.0009897309355437,0.0023774211294949,still
1761227148567164200,-0.0109784718657843,-0.0008222396356984,0.0658995823651552,-0.0001434418372809,-0.0011860718950629,-0.0006356793455779,still
1761227148577178000,-0.0161133870688267,-0.0093962989745661,0.0676928955227136,4.83852345496e-05,0.0006358947139233,0.0008291512494906,still
1761227148587191300,-0.0101351163768209,-0.0018421938005834,0.0624567484349012,-0.0013961133081465,-0.000436826609075,0.0007916006725281,still
1761227148597205200,0.0001212517594918,0.0006363982073962,0.0549736992031335,-0.0004387577064335,0.0033194771967828,0.0004927708068862,still
1761227148607219200,-0.0002122179785743,0.018583850569278,0.0730892016083002,-0.0011993563966825,0.0003026484046131,-0.0015144537901505,still
1761227148617232400,-0.0053470235837623,0.0103774920316413,0.0741354957908392,0.0027969130314886,-0.0011321054771542,-0.001515518524684,still
1761227148627246300,-0.0163992548055015,0.004242058016546,0.0498883587628602,-0.000123243080452,0.0001941488590091,-0.0020904946140944,still
1761227148637259300,-0.0104136958561837,0.023077508726716,0.0549719456374645,0.0048844646662473,0.0013408449012786,3.874185495e-06,still
1761227148647273200,0.0008150609762407,0.0001451440917328,0.057960606059432,6.68058637529e-05,0.0023222197778522,-4.91227256134e-05,still
1761227148657287400,-0.0066123308118432,0.0021115853264927,0.0581084900975227,0.0012709121219813,-0.0009359158575534,0.0032714949920773,still
1761227148667300400,0.003602609335538,0.0014179405065253,0.0625999562978744,-0.0038191876374185,-0.0004972931928932,-0.0008372301235795,still
1761227148677314300,-0.0166274192718789,0.004982683783397,0.0458469744175672,-0.0010782235767692,0.0014823812525719,-5.79372281208e-05,still
1761227148687327500,-0.0079893547860905,0.0138831255324184,0.0799678552061319,-0.0021908921189606,-0.0001104553230106,-0.0001170594478026,still
1761227148697341200,0.0112921043922193,0.0039354397527873,0.0808738641351461,-0.0009770118631422,-0.0006219237111508,-0.001571289030835,still
1761227148707355100,0.0121253038133494,0.0162198613842949,0.0663560939610004,0.0015700354706496,-0.0028280867263674,0.0012034584069624,still
1761227148717368300,-0.0080840107996016,-0.0054768239758908,0.0542407087534666,-0.0028195255436003,0.0001662799622863,0.0009942341130226,still
1761227148727382300,0.0076915591496042,0.0075145768811926,0.0636725539654493,-0.0021036677062511,-7.60676339268e-05,-0.0013224496506154,still
1761227148737395200,0.0132644821774214,0.0085677026633173,0.0605289952427148,-0.0006458538118749,-0.0018308870494365,-0.0008281001355499,still
1761227148747409400,0.0063045617706142,0.0028109292348846,0.059478609406948,0.0019653758499771,-0.0019019935280084,-0.0018861738499253,still
1761227148757422600,0.0117722525919787,0.0085893665058538,0.0632148733258247,-0.0002730102278292,0.0003541249316185,0.0009704761905595,still
1761227148767436500,0.0050375923084095,0.0143756582897156,0.0650169543117284,-0.0011364070232957,0.0017818454653024,-0.0008655069395899,still
1761227148777450500,0.0028237887164577,-0.0013946692287921,0.0665150839149952,0.000297550112009,-0.0003444668836891,0.0008426248095929,still
1761227148787463700,-0.0010786986147984,-0.0004110284863039,0.0620282938897609,0.0015026305336505,0.0010033587459474,-0.0002876208163797,still
1761227148797477600,-0.0025650281824171,0.0122360889777541,0.0665144993931055,0.0009543602354824,-0.0003722398541867,0.0011970077175647,still
1761227148807490600,0.0033702801506966,-0.0031702640665695,0.0651683454811573,0.0018228171393275,0.0003529391251504,-0.0013593605253845,still
1761227148817504800,-0.0128946990169584,-0.0055849239928647,0.060230304557085,0.0007114873733371,-0.000696123111993,-0.0002085273154079,still
1761227148827518700,-0.0173675883810035,0.0089012089340016,0.0611333908766508,-0.0035580925177782,0.0009174863807857,0.0028567709960043,still
1761227148837531600,0.0058715223819017,0.008229702880606,0.0737047031581401,0.0007397076115012,-0.0026143761351704,0.0002605756744742,still
1761227148847545600,0.0063805678825825,0.0130859472727403,0.0671218176364898,-0.0012850938364863,-0.0001229890622198,-0.0008030908647924,still
1761227148857558800,0.0034257914639078,-0.0009521496256813,0.0611398206174373,0.0012448120396584,0.0009050208609551,-0.0005641006864607,still
1761227148867572500,0.0121140152343548,0.0039915903868153,0.0657762482464313,0.0005886091385036,0.0033015995286405,0.0011605625040829,still
1761227148877586700,0.0060148763753473,-0.0039611952485516,0.0603928016424179,0.0005444008857011,0.0006438763812184,-0.0005164449103176,still
1761227148887599600,0.0050345418347977,-0.0153230221424251,0.0627899259120225,-0.0046024243347346,-0.0029274225234985,-0.0002847497817128,still
1761227148897613600,-0.0013475604177452,0.0087125544941052,0.0692301880925893,-0.0027694255113601,0.0021740398369729,-0.0008266493678092,still
1761227148907626800,-0.0020173129054717,-0.0049709933456033,0.0686404055058956,0.0011129304766654,4.00487333536e-05,6.3872430473e-06,still
1761227148917640700,-0.0029176958112977,0.0048639162419363,0.0752308898121118,-0.0019291753415018,-0.0006555374711751,0.0022667550947517,still
1761227148927654400,-0.0032017369170673,-0.0090040117213502,0.0605675736874341,0.0016879301983863,0.0017032243777066,-0.0016222589183598,still
1761227148937667600,0.0049566542929969,-0.0045759296134114,0.0692471392273902,-0.0011985101737082,-0.0017654639668762,0.0001930755097419,still
1761227148947681800,0.0003487403724342,-0.0060176893869414,0.068945525932312,-0.0007726706098765,0.0011514963116496,1.75731256604e-05,still
1761227148957694500,-0.0082108155170455,-0.0093386139705777,0.0759796623528003,0.0017286271322518,0.0008972394280135,0.0020299879834055,still
1761227148967708700,-0.0113591417464427,-0.011762297453545,0.0553343492090702,-0.0022069923579692,0.0007760657463222,0.0011812384473159,still
1761227148977721600,-0.0081093279039487,0.0041264322802424,0.0692506463587284,0.0008461414836347,-0.0029493211768567,-0.0009151247795671,still
1761227148987735600,-0.0026950112376362,-0.0056860828123986,0.0622118337631225,-0.0013405799400061,-0.0005950867198407,0.0005440211389213,still
1761227148997749500,-0.0215237764786928,-0.0045443288987502,0.0532312394499778,-0.003060946939513,-0.0015989984385669,-0.0004443803336471,still
1761227149007762700,-0.0118229963985271,-0.0097265173096209,0.0547264464437961,0.0024944068863987,-0.0009656986221671,0.0010698928963392,still
1761227149017776400,-0.0086891736185178,0.0003675181381404,0.0559177020549774,-0.0013045991072431,-0.000243489164859,0.0012505354825407,still
1761227149027789600,0.0028945158651098,-0.0023494492029771,0.0764227299451828,0.0011681460309773,-0.0003992840647697,0.0002127016196027,still
1761227149037803800,-0.0014389284956268,0.0106199590180069,0.0651964025318622,-0.0006566229276359,0.0006174163427203,-0.0004823410417884,still
1761227149047817700,-0.0213409672576934,0.0022505554057657,0.0569657498031854,-0.0026473358739167,0.0015660342760384,0.0025970721617341,still
1761227149057830700,-0.0079079601129516,-0.002211830830574,0.0779202750265598,-0.0014595105312764,-0.000229169614613,-0.0009557402227073,still
1761227149067844600,0.0041180663106963,-0.0079995473865419,0.0722311234742403,-0.003526389831677,-0.0008701924234628,-0.000283824512735,still
1761227149077857500,0.0035787900685332,0.0081175842756405,0.0607090279847383,-0.0019588680006563,0.0009750011377036,0.0023287846706807,still
1761227149087871500,-0.0017484876351431,-0.0013806407034397,0.0497866519540548,0.0001671335194259,0.0006967009976506,0.0008541924180462,still
1761227149097884700,0.0015217114082537,-0.0003887435892596,0.0669920537769794,0.0011221698950976,0.0011672868859022,0.0024285751860588,still
1761227149107898600,-0.0056353755384683,-0.0010301467653363,0.0530769256711006,-0.0031386213377118,-0.0006415322422981,-0.0004407146479934,still
1761227149117912600,0.0106679811445064,0.0007741261776536,0.0524795442998409,-0.0003782231360673,-0.0024414747022092,1.12387351691e-05,still
1761227149127925800,0.0046773624275811,0.0025464330798015,0.0565174215137958,0.0032500675879418,0.0003154296427965,0.0001025850651785,still
1761227149137939700,0.0103624771255999,-0.0027919322734698,0.0675888506263494,0.0009162968490272,0.0003156748134642,0.0015477740671485,still
1761227149147952600,0.0243889201188459,0.0006228446060791,0.0683387922108173,-0.0018517929129302,-0.0004795449785888,0.0024910657666623,still
1761227149157966600,0.0055434046723879,-0.00597143909242,0.0634060119837522,-0.0015323441475629,-0.0002291132695972,0.0004139012889936,still
1761227149167980500,-0.0030661643712781,-0.0001806903291493,0.0584726472347974,-0.004699109122157,0.0011392189189791,0.0002839390654116,still
1761227149177993500,-0.0039011356243863,-0.0017033698517829,0.0707423462212085,0.0015331674367189,0.0010180319659411,-0.0012465030886232,still
1761227149188007700,0.0010278452103957,0.0060743514776229,0.0595201104611158,0.0009278310462832,0.0019011362455785,0.0010075963800773,still
1761227149198020600,-0.0138374414934776,0.0089242975486442,0.0647580111145973,0.0002450060565024,-0.0015316191129386,-0.0006430209614336,still
1761227149208034600,-0.0101686533202417,5.51642533391e-05,0.0602723901331424,-0.0019875217694789,-0.0005435864441096,-0.0006347652524709,still
1761227149218047700,-0.0088030823217704,-0.0178344204414635,0.0587777676612138,-0.0010528236161917,-0.0008013523183763,0.0001982516841962,still
1761227149228061700,-0.0198980932393111,0.0026219460014253,0.0707511140495538,-0.0030131766106933,0.0005533976946026,0.0014523342251777,still
1761227149238075400,-0.0080164619887247,0.0091799528101459,0.0601309358358383,0.0005104064475744,-4.55058179795e-05,0.0027500335127115,still
1761227149248088600,-0.0043640404284,0.0064690864162519,0.0553419479936361,-0.0025375813711434,0.0008362669032067,-0.000174117507413,still
1761227149258102500,-0.0020807335305027,-0.006724559014663,0.0634223785966634,0.0016221737023442,-0.0001489855349063,-0.0015459400601685,still
1761227149268115500,0.0023885573706589,-0.0102160178596153,0.0613262831002473,-0.0006425785832107,-0.0018739150837063,0.0021822189446538,still
1761227149278129700,-0.0095331318956799,0.0068400020878762,0.0734504361361265,0.0029346048831939,-0.0008079907856881,0.0014318918110802,still
1761227149288143600,-0.0033956703202798,-0.0065212549949064,0.0554869094222784,0.0011739893816411,9.32230614125e-05,-0.0012959840241819,still
1761227149298156500,0.0197780470562167,-0.0119887266205623,0.0614671528756618,0.0012113898992538,-0.0033202269114553,0.0009680923540145,still
1761227149308170500,0.0077258815443143,0.0111064273606985,0.0643073447376489,-0.0005215292330831,0.0004401565529406,-0.0005762747023254,still
1761227149318183700,0.0092403229615651,-0.0033657135734334,0.0661059185922145,-0.0008939991239458,-0.0004973858594894,0.002200313610956,still
1761227149328197600,0.0061764236126095,-0.005112630305998,0.0731353788375854,0.000639182748273,-0.0017221732996404,-0.0015558085869997,still
1761227149338211600,0.0082417403782717,-0.0027990926666185,0.0650450113624334,0.0026127959135919,-0.0015586032532155,-0.0018426366150379,still
1761227149348224500,0.0093374814594164,0.0023889774957671,0.0626478870928287,-0.0042067607864737,-0.0035450551658868,-0.0015984247438609,still
1761227149358238700,0.0111919136870652,-0.0124815151061862,0.0602472556918859,0.0014001058880239,-0.0049029849469661,-0.0001433179713785,still
1761227149368251600,0.0050284408875741,-0.0035744974859058,0.0614355886936187,0.0010285947937518,-0.0008485885336995,-0.0015502660535275,still
1761227149378265600,-0.0169814934065565,0.0125883730141445,0.0617301877260208,0.0017084940336644,0.0004577680956572,0.0004721551667898,still
1761227149388278800,0.0027801687704399,-0.0065675783546641,0.0561971035182476,0.0020610964857041,-0.0016376068815588,-0.0021947342902421,still
1761227149398292500,-0.009427808357682,0.0112640656078234,0.069055416047573,-0.0004818255547434,-0.0001851385459303,-0.0006310434546321,still
1761227149408306700,-0.0005499802992679,0.0052309229234233,0.0701028792738914,-0.0009835651144385,-0.0009318888187408,-0.0005365011747926,still
1761227149418319600,-0.0017426241499371,0.0108582978185266,0.0627677140802144,0.0006602958310395,0.0004379956517368,-4.86441422253e-05,still
1761227149428333600,-0.0010024915734305,0.0045270489703863,0.0479553448736667,0.000371076632291,-0.0029237126000225,-0.003179456340149,still
1761227149438346800,-0.0109203302040696,0.0041251536386087,0.0681476535528898,0.0014383399393409,0.0010172836482524,0.0002482235431671,still
1761227149448360700,-0.0136544678756967,0.0084344316724687,0.0543792404413223,-0.000205629505217,-0.0007968614809215,-0.0016311693470925,still
1761227149458374400,-0.0050518582957796,-0.001652114588581,0.0597580108702182,0.0044231079518795,-0.0005909805186092,0.0008955026278272,still
1761227149468387600,0.0064385268812067,-0.0022585925817489,0.0560129791229963,0.0005644541233778,0.0010950667783617,-0.0011974757071584,still
1761227149478401500,0.0166833141775801,-0.0054209656028077,0.0555634817898273,0.0014179826248437,-0.0015772935003042,-0.0007194832433015,still
1761227149488414500,0.0096969806878827,-0.0018104104228317,0.0738122551858425,0.0010198398958891,-0.0006611659191548,-0.0009170898701995,still
1761227149498428700,0.0050208969019353,-0.0119683779522776,0.0637871202558279,-0.0017106914892792,-0.0006366237066686,0.0004173304187133,still
1761227149508441600,-0.0077553085681982,-0.0003141805157065,0.0696300010651349,-0.0016779345460236,0.0016062906943261,0.0014501042896881,still
1761227149518455600,-0.0011487499100156,0.0041872225567698,0.0633487288385629,-0.0012383933644741,0.0014356162864714,0.0022640139795839,still
1761227149528469500,0.0042396468637511,-0.0043316359961405,0.051826633349061,0.0018820324912667,0.0013040560297667,-0.0004239145200699,still
1761227149538482700,-0.005300133968424,0.0059094432394951,0.0539186371922493,0.001745481044054,-0.0012550111860036,-0.0016355128027498,still
1761227149548496600,-0.0015735694596543,0.0178464396728202,0.0501788661420345,0.0009955349378287,0.0033887429162859,0.003495333250612,still
1761227149558509600,0.0052346492504701,0.0041613939957693,0.0545171876072883,0.0021457944530993,-0.0006468873471021,-0.0003322472330182,still
1761227149568523500,0.0205206821170635,-0.0085775299375876,0.0491308183938264,0.0010395173449069,-0.0007158629596233,0.0008187710773199,still
1761227149578536400,-0.0038743572153151,-0.007568791286461,0.0679763886392116,0.0025207798462361,0.0002901414409279,0.0002112118527293,still
1761227149588550700,-0.0239983316323719,0.003817147135362,0.0694704265892505,0.0028270434122532,-0.0026353411376476,0.0009499726584181,still
1761227149598564600,-0.0145547229173593,-0.0042326691336929,0.0646808542251587,-0.0016528482083231,0.0018116144929081,0.0012733812909573,still
1761227149608577500,0.0046103250733576,-0.0040122313160449,0.0675210460871458,0.0018571983091533,-5.17992302775e-05,0.0007745712064206,still
1761227149618591500,-0.0081788860088214,-0.0009478387767449,0.0622796383023262,0.0009421533904969,0.0001732988748699,0.0015544902998954,still
1761227149628604700,-0.0032954065498895,-0.0024124679692089,0.0648287382632493,0.000518178101629,-0.0017923801206052,0.0005052047781646,still
1761227149638618600,-0.0066560786220245,0.0097524189358577,0.0727560241311788,-0.0003321638796478,0.0001096476335078,0.0006958591984584,still
1761227149648632600,0.0044447592481039,0.0059025385746732,0.0663233607351779,0.0011967569589614,-0.0001326999627053,0.0003190218703821,still
1761227149658645500,0.0072377875001169,0.0122779553581029,0.0586900893777608,0.0020407424308359,0.0003699457738548,0.0021587607916444,still
1761227149668659700,-0.0030018121644854,0.0117806368278339,0.0604798954039812,0.0010503130033612,-0.0015744278207421,-0.0011523473076522,still
1761227149678672600,-0.0029432321113534,-0.0046531595680862,0.0562830282360315,0.0046824337914586,0.0008326396346092,-0.0011964149307459,still
1761227149688686600,-0.0015448000228963,-0.0044179260401055,0.0651163230329752,-0.0011131376959383,0.0004307685885578,0.000267791096121,still
1761227149698699800,0.0046872627670876,-0.0048962841415777,0.0652630380272865,0.000602145679295,0.00312807620503,0.0017639519646763,still
1761227149708713500,0.0157728482691571,0.0061112859545275,0.0537462032347917,-0.0019052204443141,0.0016449617687612,0.002320019993931,still
1761227149718727700,0.002670333454106,-0.0014288637593388,0.0749953274905681,-0.0001690448261797,-0.0026097148656845,0.0002350296126678,still
1761227149728740600,0.0133687462694942,-0.0137665499480441,0.0660176557868719,-0.0034673698246479,-0.0007939715869724,-0.0001151759643107,still
1761227149738754600,0.0050115810843184,0.0104908892782405,0.0574918195039033,0.000308193732053,-0.0029081292450428,0.0002370103029534,still
1761227149748767500,0.0181778635842725,0.0065656055932864,0.0691582919001579,-0.0016561539378017,-0.0015749507583677,0.002051421906799,still
1761227149758781000,0.0103688886000774,-0.0042541503131389,0.0552390721410512,0.0002530242782086,0.0023320403415709,0.0003019229043275,still
1761227149768793900,0.0048438233019784,-0.0034852848324924,0.0510468811482191,0.0005313246510922,0.0012883476447314,0.000175955472514,still
1761227149778807800,-0.0145124729445204,0.0008441957391798,0.0710959819644689,0.0004367746878415,-0.002099341712892,-0.0001508428249508,still
1761227149788822000,-0.0132689026242122,0.0034909473882988,0.0613701222419738,0.0008809897117316,-0.0025222515687346,-0.0005484528373926,still
1761227149798834700,-0.0068460847687907,-0.005433569356054,0.0642114831477403,0.0003839675337076,0.0031714648939669,0.001259631011635,still
1761227149808849000,0.0074036273200064,-0.0161640395438298,0.0576256750166416,-0.0007934160530567,7.18114897608e-05,0.0024316881317645,still
1761227149818862000,0.0078895842060446,-0.0103066552851349,0.0639133769840002,-0.0007556923665106,-0.0005431021563708,0.0005591814406216,still
1761227149828876000,-0.0019255429687909,0.0017522504948079,0.0498486112743616,0.0009785580914467,-0.0007369802333414,4.7321897e-05,still
1761227149838889700,0.0049292730957269,0.0109701606951653,0.0639087008088827,0.0022748808842152,-0.0020671635866165,0.0009007237385958,still
1761227149848903000,0.0176209420875646,0.0141239850835874,0.0627115999788045,-0.0010833654087036,0.0020229192450642,0.0005180274602025,still
1761227149858917000,-0.0003991371191106,0.0048419236058369,0.0585235006392002,0.0014909659512341,-0.0013711401261389,0.0012866589240729,still
1761227149868929800,-0.0018249686711467,-0.0064049351388588,0.0431096584081649,-0.0003532730042934,-0.0008094795048236,-8.69994983077e-05,still
1761227149878944000,0.0090999829091131,0.0193854127431288,0.0588198532372713,-0.0016297991387546,-0.0007840972393751,-0.0006340402178466,still
1761227149888956700,0.0044411790515296,-0.0004072656266391,0.0544827008157968,0.0010762389283627,-0.0008059348911046,0.0004317569546401,still
1761227149898971000,0.0263769155982881,-0.0032255744503811,0.058518239942193,0.0032540718093514,0.0001164288260042,-0.0008327416144311,still
1761227149908984800,0.0163396153064444,-0.0097689682118594,0.053130117163062,0.0004561545792967,0.0021822429262101,0.0006791349733248,still
1761227149918998000,0.0156551401736214,0.0032511472830548,0.0698877752184867,0.0002824084367603,0.0002786710392683,-0.0012730967719107,still
1761227149929011700,0.0144884710144251,0.01014901703801,0.0631529140055179,-0.001377007109113,0.0003447174094617,-7.54734501242e-05,still
1761227149939025000,-0.00691725030886,-0.0044034956559538,0.0649503188163042,-0.0001465361565351,-0.0014269156381487,-0.0005789666902273,still
1761227149949039000,0.0064085153354331,0.006368621716462,0.0616629677087068,0.0002587970811873,-0.0007014707662165,-0.0002513979561626,still
1761227149959052800,0.0019014497071504,-0.0038024610228836,0.0706464846312999,0.0001225587911903,6.68535940349e-05,0.0006780971307307,still
1761227149969066000,-0.0116921365604735,-0.0095101346125826,0.0616688129276037,-0.0022561766672879,-0.00033262046054,0.0004440052434802,still
1761227149979080000,0.0003847432675771,-0.0034440029740333,0.0651134004235267,-0.0003099530003964,0.0013688998296856,-0.0006167048122733,still
1761227149989092900,-0.0002581212132237,-0.0004923135615885,0.05104512758255,0.0029324456118047,-0.0008199522271752,-0.0007282912265509,still
1761227149999106800,0.0025673297373577,0.0046841026956215,0.0682557901024818,0.0010498072952032,-0.0006152875721454,0.0004588458687067,still
1761227150009120000,0.0066653396407142,0.0218877874854952,0.0631669425308704,-0.0007683329749852,0.0002084278967231,0.0010892160935327,still
1761227150019133700,0.0034970118029043,0.006532543573901,0.0668979457527399,2.86169815808e-05,-0.0008861110545694,-0.0009581940248608,still
1761227150029148000,0.0210522499768063,-0.0086724416794255,0.0704945089399814,-0.0010358483996242,0.0013959517236799,0.0012149453395977,still
1761227150039161000,-0.0040718342824839,0.0057586731245741,0.072291329228878,0.000105375656858,0.0010517805349081,0.0012846291065216,still
1761227150049174800,-0.0076555927870795,8.8774261996e-06,0.0707920305818319,0.0008095153607428,-0.0018771640025079,-1.04662030935e-05,still
1761227150059188000,0.004465948166605,-0.0094511709669604,0.0624134938150644,0.0011234376579523,-0.0003417674452066,0.0007197428494691,still
1761227150069202000,0.0007167882335372,-0.0049140024613589,0.0589665682315826,0.0007359478622674,-0.001838197465986,-0.0003841375000774,still
1761227150079214800,0.0259306331355124,-0.0005329743655398,0.0586696311116218,-0.001220634789206,-0.0015530139207839,0.0012591136619448,still
1761227150089228800,0.0175914785310626,0.0035895123919472,0.0598690700292587,-0.0003154263831675,-0.0015423614531755,-0.0012162944767624,still
1761227150099243000,0.0009840608675964,-0.0021098317608237,0.0748281542301178,0.0014605231117457,0.0012342259287834,0.0002594565739855,still
1761227150109255700,0.0108076088109053,-0.0003567044831812,0.0701905575573444,0.0016695812810212,-0.0017533083446323,-0.0017935743089765,still
1761227150119270000,0.0149294745138846,0.0012083163438364,0.0627045857161283,0.0007248986512422,0.000997457653284,-0.0014555456582456,still
1761227150129283000,0.0164556794341653,-0.0051939884465187,0.0472954196602106,-0.0010128139983862,-0.0005407840944826,0.00031971745193,still
1761227150139297000,-0.0089757354749366,0.0181344628339633,0.0579196895271539,-0.0007160538807511,0.0003210012800991,0.000896273762919,still
1761227150149310000,0.0108751393554732,0.0037585488159209,0.0589636456221342,-0.0012918293941766,0.0005590878427028,-0.0010395779972895,still
1761227150159324000,-0.0032049517874605,-0.0003460369586944,0.0658498980045318,-0.000276573235169,0.0008671206887811,0.0010532753076404,still
1761227150169338000,-0.0235026936025358,0.0072412032999098,0.0576180762320756,0.002529333345592,-0.0006732516922056,0.0020644776523113,still
1761227150179350800,-0.011583141494356,-0.010134111729823,0.0573176319807767,0.00073793833144,0.0001894065644592,-0.0009600548073649,still
1761227150189365000,0.0135665155976079,0.0012403554499149,0.0525239679634571,0.0009837481193244,-0.0005730562843382,-0.0003081131726503,still
1761227150199378000,-0.0098120584349147,-0.0055779097301885,0.0484872597932815,0.0016560747753828,0.0023300927132368,0.0024841837584972,still
1761227150209391900,-0.0111118889871053,0.006171747437492,0.0583680178165435,-0.0023043123073875,0.0010890597477555,0.001677245949395,still
1761227150219405000,0.0096439901253208,-0.0040547918161377,0.073339376977086,0.0014285529032349,0.000986419385299,0.0004929123679175,still
1761227150229419000,0.0081683280821889,0.0041837154254317,0.0528384407401084,-0.0001722732558846,-0.0017718165181577,6.25455286353e-05,still
1761227150239432700,0.0024326887733303,0.012737206900306,0.0664554626822471,-0.0003934660926461,0.0031497962772846,0.0014872612664476,still
1761227150249446000,0.0073617426733486,0.0097977924475446,0.0547872367203235,-0.0044060507789254,0.0019814674742519,-2.83437548205e-05,still
1761227150259460000,0.0054286374526098,0.0021249562647193,0.0666051002860069,0.0026632365770637,0.0006813332438468,-0.0001990204909816,still
1761227150269472800,0.0138009088753722,0.0021370120286941,0.0561252073258161,0.0017505711875855,0.0008837336208671,-0.0003928985679522,still
1761227150279487000,0.0165225158589892,-0.0039316038278862,0.0644984833955764,-0.0031779629644006,-0.0012812507338821,-0.0017546653980389,still
1761227150289500000,0.0172053835566155,-0.0004021145274862,0.0552256281375884,-0.0024176305159926,0.0009986814111471,0.0010544370161369,still
1761227150299513900,0.0147679638092406,0.0043233430918306,0.0541816720426082,-4.5401975512e-06,0.0009699191432446,-0.0003916594432666,still
1761227150309527800,-0.0112628417651169,-0.0010634645130485,0.071539634078741,0.002421599579975,0.0003656479530036,-7.31453765183e-05,still
1761227150319541000,-0.0043419199281372,0.0140954531088471,0.0592664279609918,-0.0001847501844167,-0.0006390586495399,-0.0008634343976154,still
1761227150329554700,0.0028182357585057,-0.0099553210968151,0.0630032764017582,0.0013028914108872,-0.0004670182242989,0.0020311553962528,still
1761227150339567900,-0.0090974073595367,-0.0010836670508608,0.0582119504719972,-0.001507312641479,-0.0020592715591192,0.0012798181269317,still
1761227150349582000,-0.0135529802625998,-0.0118178270330652,0.0570177722513675,-0.0022873524576425,0.0022840776946395,2.57355859503e-05,still
1761227150359594800,0.0025594021592289,-0.0008509908061474,0.0671966364383697,0.0002085894811898,0.001961134141311,-0.0008395961485803,still
1761227150369609000,-0.0096669143431819,0.0034039266919717,0.0618096827030181,0.000360123347491,-0.000453021377325,0.0001875850139185,still
1761227150379623000,-0.0063829790353775,0.0019416355870664,0.079316697821021,0.0004909595008939,0.000662614358589,0.0004420602926984,still
1761227150389635800,7.94036454521e-05,-0.0119134328946471,0.0531271945536136,0.0006153292488306,-0.0001211538910865,0.0012519275769591,still
1761227150399649800,-0.009300254721567,-0.0125109603963792,0.0636105946451425,-0.0030960834119468,-0.0030550812371075,-0.0021210871636867,still
1761227150409663000,-0.000223890150059,0.0055238049227744,0.0660083034366369,0.0013505967799574,-0.0009469226934015,-0.0016715455567464,still
1761227150419677000,-0.0025562603540718,0.0012863134834915,0.0663081631660461,-0.0022958763875067,-0.0004559303633868,0.0010054630693048,still
1761227150429689900,-0.004145703236293,0.0049945203516632,0.0749766227900981,0.0018812913913279,-0.0016607446596026,-0.0017346633831039,still
1761227150439704000,0.0024400135632604,4.63233597576e-05,0.0718313105016946,-0.0011026607826352,-0.0013405326753854,0.0015793705824762,still
1761227150449718000,0.0269290147894062,-0.0126744438624009,0.0594090513020753,-0.0001484500244259,-0.0015280190855264,0.0021170626860111,still
1761227150459731000,0.018553017039597,0.0045878757795318,0.0528197360396385,0.000381409889087,-0.0002956404350697,0.0009094829438254,still
1761227150469745000,0.0111126561720855,0.009045878101699,0.0430880310982465,0.0002407950814813,-0.000522541347891,-0.0022072144784033,still
1761227150479757800,0.0181356501440517,-0.0124506815765053,0.0516109447717666,0.0003681355156004,0.0014835691545158,0.0005221556639298,still
1761227150489771800,0.0149222958544269,0.0087204820722341,0.0489168833822011,0.0018821426201611,-5.20097091794e-05,-5.5750249885e-05,still
1761227150499786000,0.0072474686439149,-0.0021993001425638,0.0743523534119129,0.0011404594406485,-0.0003436743281781,0.0022238274104893,still
1761227150509799000,0.023348525954131,0.0142864091036841,0.0592395399540662,-0.0005309402476996,0.0006526142824441,0.0016222193371504,still
1761227150519812900,0.0025047128299251,-0.0003990823201835,0.0635726007223129,0.0009222517255693,0.0006295207422226,0.0016240885015577,still
1761227150529826000,0.0077262834031134,-0.0070799848562106,0.0611801526278257,-0.0007430226542055,0.0019128981512039,-6.1692437157e-05,still
1761227150539840000,-0.0095385569894686,0.0163979944301769,0.066873395833373,-0.0016577583737671,-0.0015858416445553,-0.0003172259312123,still
1761227150549853000,0.0137060884650796,0.0089840649118646,0.06881868468225,-0.0010897060856223,0.0008008833974599,0.0013379286974668,still
1761227150559867000,-0.0025899982268922,0.0006278495747596,0.0408352837353944,-0.0009281493257731,-0.0026300959289073,-0.0008215631823986,still
1761227150569881000,-0.0146386200748383,0.004682531793043,0.0564040242671966,-0.0028778496198356,0.0024373666383326,0.0021190992556512,still
1761227150579893800,-0.0072294215305708,0.0006731134885922,0.0713771369934082,-0.0001853657886385,0.0025259696412831,0.0007956818444654,still
1761227150589908000,-0.0186512715159915,0.0118154524128884,0.0613584318041801,-0.0025113706942647,0.0020101151894778,0.0015586775261908,still
1761227150599921000,-0.0078215056722052,0.0102581399682909,0.0646498745650053,0.0025295270606875,0.0003302220720797,-0.0014777214964851,still
1761227150609934800,-0.0065142041996121,0.0019219079732894,0.0680909549295902,0.0008964766748249,0.0002178365830332,-0.0003277686191722,still
1761227150619948000,-0.0071638637473806,0.0117818789368495,0.0692898093253374,-0.0019668764434754,-0.0003286777064204,-0.0008471353212371,still
1761227150629962000,0.0059301389676518,-0.0067007762802764,0.0574690231502056,-0.0009958879090845,-0.0009936690330505,0.0008876477368175,still
1761227150639975700,0.0086485676134936,-0.0073620897332206,0.0434048419624567,-0.0014969629701226,0.0005106381140649,0.0001242422731593,still
1761227150649988900,0.013766166355554,-0.0068594374407082,0.071090136745572,-0.0022197449579834,0.0023628666531294,0.002201508032158,still
1761227150660003000,0.0334869485328905,-0.0076505147531628,0.0634609570413827,0.0022583676036447,-0.0022351988591253,-0.0001680001150816,still
1761227150670015700,0.0197869427487254,0.0018967004667967,0.0661503422558307,-6.79034274071e-05,-0.0005765822716057,0.0004626364680007,still
1761227150680030000,0.0180662016370333,-0.002495689273253,0.0538783051818609,0.0007249196060001,0.0009224421810358,-0.0011267560767009,still
1761227150690043000,0.0100973416496999,0.0004051832674071,0.0606114128291606,-0.0003360835835337,0.0008582600858062,0.0008117588004097,still
1761227150700056800,0.0066653761733323,-0.0017835224159061,0.0591091915726661,0.0019592165481299,-0.0014849891886115,0.000151737825945,still
1761227150710070800,-0.0018510894930921,0.0038872897621244,0.063889411586523,-0.0004426883533596,0.0002591148950159,0.0001677167601883,still
1761227150720084000,-0.0055973450830206,0.0067891852160915,0.0513180993050336,0.0016964299138635,-0.0002642623148858,0.0002573600504547,still
1761227150730098000,0.0092478486808948,-0.0001581131711602,0.0559533578902482,5.80532941967e-05,-0.0008866428397595,0.0013830782845616,still
1761227150740110800,0.0014988237230107,0.0057041664583608,0.0766015936434268,-0.0012211491120979,-0.0003739544190466,6.5199797973e-05,still
1761227150750125000,-0.0078041709449142,-0.0043717853434383,0.0632826778650283,-0.0018826783634722,-0.002484243363142,0.0015328679000958,still
1761227150760138500,-0.0264790425322018,0.0040166882954537,0.0809387460649013,-0.0005207289941608,-0.0011777714826166,-0.0003253617323935,still
1761227150770152400,-0.0040279403418302,-0.0002025733673945,0.0583446369409561,-0.0012656151084229,0.0002139962743967,0.0004437591414898,still
1761227150780165400,-0.0185705526962876,0.010354513014853,0.0754009856820106,-0.0001260177232325,0.0013280573766678,-0.0008789307903498,still
1761227150790179600,-0.0135483223537914,0.0076420026531442,0.0620855770349502,0.0008745321538299,0.0007501514628529,-0.0029785668011754,still
1761227150800193500,-0.0061739941935054,0.0059771381808444,0.059241878041625,0.0005971144419163,0.0003897037822753,-0.0003399901324883,still
1761227150810206500,0.0027697935068979,0.0075816873006522,0.0570043282479047,-0.0030985542107373,-0.0023573469370603,-0.0003325334982946,still
1761227150820220400,0.0160114062653854,0.0040405806276947,0.0692716891467571,-0.0001848305109888,0.00237573729828,-0.0010986110428348,still
1761227150830233600,0.0005506378863938,-0.0036016046885401,0.0586439121484756,-0.0014309234684333,-0.0007878318428993,0.0030122441239655,still
1761227150840247600,0.026248996635992,0.0136917676787823,0.0541541995137929,-0.0002235688734799,0.0006542359478771,-0.0009763868292793,still
1761227150850260500,0.0341541985362768,-0.0079929349826648,0.049665071401,-0.0001239667180925,-0.0006389953196048,0.0008870268939062,still
1761227150860274400,0.0179473244977183,-0.0087484660577028,0.0554985998600721,-0.0004958799108862,0.0011754159349948,-0.001670611440204,still
1761227150870288600,0.0256993999292142,-0.0104041608428582,0.0501128151684999,9.69397369772e-05,0.0001556915231049,-0.0017829969292506,still
1761227150880301600,0.0141208798110485,-0.0156576609242707,0.0671697484314441,8.19880515336e-05,0.0020030657760798,-0.0015556517755612,still
1761227150890315500,0.0206021315891295,-0.0028975115397945,0.0655213967025279,0.0010974511969834,-0.0017248271033167,-0.003005476668477,still
1761227150900328700,0.003441482223384,0.0020981047904118,0.0673141253381967,0.001066971803084,0.0002388812135905,-0.001988822594285,still
1761227150910342400,-0.0064120224667713,0.0092827921301126,0.0625251374959945,0.0001007767859846,0.0018399737309664,-0.0011829498689621,still
1761227150920355600,0.0117256369712762,0.011603928554058,0.0739028560787439,-6.19548372924e-05,-0.0001543955877423,6.4047053456e-06,still
1761227150930369500,-0.0204600197046995,0.011444134882465,0.0749456431299448,0.0011457887012511,-0.0007235128432512,0.0005241233156993,still
1761227150940383500,-0.0167697138193994,-0.0054606400260701,0.0638736294955015,-0.0002167380880564,0.0014495830982923,0.0018498913850635,still
1761227150950396400,-0.0014197306048125,-8.79340117797e-05,0.0598351677596569,0.0006013850215822,-0.0023968205787241,0.0007097920170053,still
1761227150960410600,-0.0170159984643571,-0.0011286387037485,0.0634223785966634,0.0005987556651234,0.0010493465233594,-0.0024478763807564,still
1761227150970423600,-0.0226537303566932,0.0044174511160701,0.0673147098600864,-0.0007517333142459,0.0004780984017997,-0.0009197546169161,still
1761227150980437500,0.0041802996256388,0.0103040249366313,0.0846785171151161,-0.0001554414629936,0.0005885793361812,-0.0015998313901945,still
1761227150990450700,0.0030147995102219,0.005578421186842,0.0593921001672744,0.002517307177186,-0.0005930652841925,0.0017802525544539,still
1761227151000464400,-0.0178891097707673,0.0028229849988594,0.0465402173787355,0.0132315447553992,0.0474489778280258,-8.19042325019e-05,still
1761227151010478600,-0.0512902614500373,0.0158447079289704,-0.1377431678265333,0.0100698396563529,0.038008339703083,-0.001898179994896,still
1761227151020491500,0.0803981911811046,-0.0087227836271747,0.3219289378762245,-0.0061921123415231,-0.0316774658858776,-0.000547649571672,still
1761227151030505500,0.0330377251943573,0.0055002779167145,0.1278214932709932,-0.0024027002509683,-0.0077292551286518,-0.0008488532621413,still
1761227151040518400,-0.0204621020639315,-0.008613368435949,-0.0583434678971767,-0.0065844929777085,-0.0209540072828531,0.0007622774573974,still
1761227151050532600,0.017217000929173,-0.0230195679944008,0.0592594136983156,-0.0023713721893727,-0.0001675016246736,0.0031055929139256,still
1761227151060545500,0.0052700858900323,0.0087169384082779,0.0447416435241699,-0.0035545756109058,-0.0084972437471151,0.000869586947374,still
1761227151070559500,0.0359387986644171,0.0033145679080858,0.1418383281856775,-0.0004184369463473,-0.0085955150425434,0.0009857008699327,still
1761227151080572700,-0.0054144445304758,0.015146934923157,0.0207721543937921,0.0017377287149429,-0.0068610245361924,-0.0001349692465737,still
1761227151090586400,0.0071890347212553,0.0068495371012017,0.07178396422863,0.0017001777887344,-0.0018526837229728,-0.0013246032176539,still
1761227151100600600,-0.0112675727391615,0.0057496861005201,0.0224053085535764,0.002437548013404,0.0025269510224461,-0.0007012173300608,still
